"","Apr","Aug","Dec","Feb","Jan","Jul","Jun","Mar","May","Nov","Oct","Sep","Fri","Mon","Sat","Sun","Thu","Tue","Wed","year","temp","wdsp","NUM_TRIPS"
"1",0,0,0,0,1,0,0,0,0,0,0,0,1,0,0,0,0,0,0,2009,20,7.4,0.631126420297479
"2",0,0,0,0,1,0,0,0,0,0,0,0,0,0,1,0,0,0,0,2009,30,10.8,0.724950660264508
"3",0,0,0,0,1,0,0,0,0,0,0,0,0,0,0,0,0,1,0,2009,30.4,5.7,0.716044377280602
"4",0,0,0,0,1,0,0,0,0,0,0,0,0,0,0,0,1,0,0,2009,37.9,16.4,0.799993968657121
"5",0,0,0,0,1,0,0,0,0,0,0,0,1,0,0,0,0,0,0,2009,25.7,13.8,0.872611336914164
"6",0,0,0,0,1,0,0,0,0,0,0,0,0,0,1,0,0,0,0,2009,21.6,6.9,0.809791550088627
"7",0,0,0,0,1,0,0,0,0,0,0,0,0,0,0,1,0,0,0,2009,28.8,9,0.678651726806974
"8",0,0,0,0,1,0,0,0,0,0,0,0,0,1,0,0,0,0,0,2009,26.9,5.8,0.694680020506566
"9",0,0,0,0,1,0,0,0,0,0,0,0,0,0,0,0,0,1,0,2009,23.4,3.3,0.7414246031879
"10",0,0,0,0,1,0,0,0,0,0,0,0,0,0,0,0,0,0,1,2009,28.9,9.7,0.819553948686675
"11",0,0,0,0,1,0,0,0,0,0,0,0,0,0,0,0,1,0,0,2009,15.6,7.5,0.814985206456218
"12",0,0,0,0,1,0,0,0,0,0,0,0,1,0,0,0,0,0,0,2009,8.1,4.9,0.896659641269129
"13",0,0,0,0,1,0,0,0,0,0,0,0,0,0,1,0,0,0,0,2009,10.2,3.6,0.85615414772099
"14",0,0,0,0,1,0,0,0,0,0,0,0,0,0,0,1,0,0,0,2009,27.3,5.6,0.703593004982559
"15",0,0,0,0,1,0,0,0,0,0,0,0,0,0,0,0,0,1,0,2009,29.8,4.1,0.726507081801763
"16",0,0,0,0,1,0,0,0,0,0,0,0,0,0,0,0,0,0,1,2009,23.4,8.4,0.801277304391823
"17",0,0,0,0,1,0,0,0,0,0,0,0,0,0,0,0,1,0,0,2009,25.1,10.1,0.8347395297563
"18",0,0,0,0,1,0,0,0,0,0,0,0,1,0,0,0,0,0,0,2009,30.1,5.1,0.870178695286505
"19",0,0,0,0,1,0,0,0,0,0,0,0,0,0,1,0,0,0,0,2009,36.9,11.8,0.917419188382293
"20",0,0,0,0,1,0,0,0,0,0,0,0,0,0,0,1,0,0,0,2009,15.1,8.7,0.771882884724284
"21",0,0,0,0,1,0,0,0,0,0,0,0,0,1,0,0,0,0,0,2009,19.3,3.4,0.7272475966774
"22",0,0,0,0,1,0,0,0,0,0,0,0,0,0,0,0,0,1,0,2009,20.8,3.2,0.790420887210537
"23",0,0,0,0,1,0,0,0,0,0,0,0,0,0,0,0,0,0,1,2009,29.8,7.3,0.762608019675581
"24",0,0,0,0,1,0,0,0,0,0,0,0,0,0,0,0,1,0,0,2009,36.4,13.8,0.843302361270737
"25",0,0,0,0,1,0,0,0,0,0,0,0,1,0,0,0,0,0,0,2009,26.7,4.7,0.901962196883136
"26",0,0,0,0,1,0,0,0,0,0,0,0,0,0,1,0,0,0,0,2009,25.7,10.1,0.903987722866496
"27",0,0,0,1,0,0,0,0,0,0,0,0,0,0,0,1,0,0,0,2009,30.4,9.8,0.720004959104145
"28",0,0,0,1,0,0,0,0,0,0,0,0,0,1,0,0,0,0,0,2009,38.1,3.6,0.675798566550843
"29",0,0,0,1,0,0,0,0,0,0,0,0,0,0,0,0,0,1,0,2009,34.2,15.4,0.757865038650856
"30",0,0,0,1,0,0,0,0,0,0,0,0,0,0,0,0,1,0,0,2009,8.3,10.2,0.897123719596168
"31",0,0,0,1,0,0,0,0,0,0,0,0,1,0,0,0,0,0,0,2009,12.8,6.7,0.915906326543605
"32",0,0,0,1,0,0,0,0,0,0,0,0,0,0,1,0,0,0,0,2009,22.8,6.7,0.85999075194092
"33",0,0,0,1,0,0,0,0,0,0,0,0,0,0,0,1,0,0,0,2009,46.2,15.4,0.713439172231697
"34",0,0,0,1,0,0,0,0,0,0,0,0,0,1,0,0,0,0,0,2009,33.6,7.6,0.680533170710459
"35",0,0,0,1,0,0,0,0,0,0,0,0,0,0,0,0,0,1,0,2009,29.2,3.5,0.746666845373122
"36",0,0,0,1,0,0,0,0,0,0,0,0,0,0,0,0,0,0,1,2009,45.7,5.1,0.776054563548574
"37",0,0,0,1,0,0,0,0,0,0,0,0,0,0,0,0,1,0,0,2009,49,14.7,0.854731756025479
"38",0,0,0,1,0,0,0,0,0,0,0,0,1,0,0,0,0,0,0,2009,39.1,16.7,0.920094759098113
"39",0,0,0,1,0,0,0,0,0,0,0,0,0,0,1,0,0,0,0,2009,31.4,12.5,0.904172013898895
"40",0,0,0,1,0,0,0,0,0,0,0,0,0,0,0,1,0,0,0,2009,31,6,0.756680549924441
"41",0,0,0,1,0,0,0,0,0,0,0,0,0,1,0,0,0,0,0,2009,28.3,5.7,0.655801314162598
"42",0,0,0,1,0,0,0,0,0,0,0,0,0,0,0,0,0,1,0,2009,29.8,9,0.754688531401517
"43",0,0,0,1,0,0,0,0,0,0,0,0,0,0,0,0,0,0,1,2009,25.6,4.8,0.816962146621945
"44",0,0,0,1,0,0,0,0,0,0,0,0,0,0,0,0,1,0,0,2009,41.3,8.6,0.85061703988393
"45",0,0,0,1,0,0,0,0,0,0,0,0,1,0,0,0,0,0,0,2009,27.4,16.8,0.941512727808847
"46",0,0,0,1,0,0,0,0,0,0,0,0,0,0,1,0,0,0,0,2009,30.1,13.1,0.87499539272419
"47",0,0,0,1,0,0,0,0,0,0,0,0,0,0,0,1,0,0,0,2009,34.9,5.8,0.745995020791379
"48",0,0,0,1,0,0,0,0,0,0,0,0,0,1,0,0,0,0,0,2009,32.6,18.4,0.762447183865488
"49",0,0,0,1,0,0,0,0,0,0,0,0,0,0,0,0,0,1,0,2009,26.1,10.3,0.816106031007804
"50",0,0,0,1,0,0,0,0,0,0,0,0,0,0,0,0,0,0,1,2009,27.1,2.4,0.816042366832975
"51",0,0,0,1,0,0,0,0,0,0,0,0,0,0,0,0,1,0,0,2009,33.7,5.8,0.839335077955107
"52",0,0,0,1,0,0,0,0,0,0,0,0,1,0,0,0,0,0,0,2009,46,9.6,0.88208389597944
"53",0,0,0,1,0,0,0,0,0,0,0,0,0,0,1,0,0,0,0,2009,46.9,13.2,0.883663772739
"54",0,0,0,0,0,0,0,1,0,0,0,0,0,0,0,1,0,0,0,2009,32.1,13.3,0.72328031336177
"55",0,0,0,0,0,0,0,1,0,0,0,0,0,0,0,0,0,1,0,2009,19.2,8,0.792181704256453
"56",0,0,0,0,0,0,0,1,0,0,0,0,0,0,0,0,0,0,1,2009,18.9,8.6,0.817912083125308
"57",0,0,0,0,0,0,0,1,0,0,0,0,0,0,0,0,1,0,0,2009,25.6,7.1,0.716536936949012
"58",0,0,0,0,0,0,0,1,0,0,0,0,1,0,0,0,0,0,0,2009,41.3,12.4,0.883012052633519
"59",0,0,0,0,0,0,0,1,0,0,0,0,0,0,1,0,0,0,0,2009,51.1,9.5,0.822753911158319
"60",0,0,0,0,0,0,0,1,0,0,0,0,0,0,0,1,0,0,0,2009,52.7,8.8,0.686753830740414
"61",0,0,0,0,0,0,0,1,0,0,0,0,0,1,0,0,0,0,0,2009,39.6,7.9,0.681618812428587
"62",0,0,0,0,0,0,0,1,0,0,0,0,0,0,0,0,0,1,0,2009,36.5,6.5,0.796345006215634
"63",0,0,0,0,0,0,0,1,0,0,0,0,0,0,0,0,0,0,1,2009,43.8,11,0.811245773871553
"64",0,0,0,0,0,0,0,1,0,0,0,0,0,0,0,0,1,0,0,2009,38.8,9.3,0.886788343424664
"65",0,0,0,0,0,0,0,1,0,0,0,0,1,0,0,0,0,0,0,2009,29,6.2,0.925807781102462
"66",0,0,0,0,0,0,0,1,0,0,0,0,0,0,1,0,0,0,0,2009,32.8,4.5,0.863457098723031
"67",0,0,0,0,0,0,0,1,0,0,0,0,0,0,0,1,0,0,0,2009,42,5,0.700441628328547
"68",0,0,0,0,0,0,0,1,0,0,0,0,0,1,0,0,0,0,0,2009,36.7,7,0.630665692716483
"69",0,0,0,0,0,0,0,1,0,0,0,0,0,0,0,0,0,1,0,2009,36.6,4.7,0.772487694385155
"70",0,0,0,0,0,0,0,1,0,0,0,0,0,0,0,0,0,0,1,2009,40.7,9,0.75397649786725
"71",0,0,0,0,0,0,0,1,0,0,0,0,0,0,0,0,1,0,0,2009,44.5,8.7,0.831889720246213
"72",0,0,0,0,0,0,0,1,0,0,0,0,1,0,0,0,0,0,0,2009,36,11.4,0.872195844404757
"73",0,0,0,0,0,0,0,1,0,0,0,0,0,0,1,0,0,0,0,2009,30.6,5.4,0.840191193569248
"74",0,0,0,0,0,0,0,1,0,0,0,0,0,0,0,1,0,0,0,2009,37.8,7.7,0.700582359662379
"75",0,0,0,0,0,0,0,1,0,0,0,0,0,1,0,0,0,0,0,2009,29.3,10,0.703313217687918
"76",0,0,0,0,0,0,0,1,0,0,0,0,0,0,0,0,0,1,0,2009,29.7,14.8,0.761547508552779
"77",0,0,0,0,0,0,0,1,0,0,0,0,0,0,0,0,0,0,1,2009,39.5,10.9,0.787616312772039
"78",0,0,0,0,0,0,0,1,0,0,0,0,0,0,0,0,1,0,0,2009,37.5,4.2,0.863338147238483
"79",0,0,0,0,0,0,0,1,0,0,0,0,1,0,0,0,0,0,0,2009,43.5,7.7,0.862173762988329
"80",0,0,0,0,0,0,0,1,0,0,0,0,0,0,1,0,0,0,0,2009,43.4,5,0.860429699672632
"81",0,0,0,0,0,0,0,1,0,0,0,0,0,0,0,1,0,0,0,2009,48.3,5.9,0.718549059948198
"82",0,0,0,0,0,0,0,1,0,0,0,0,0,1,0,0,0,0,0,2009,44.1,10.8,0.715908672065835
"83",0,0,0,0,0,0,0,1,0,0,0,0,0,0,0,0,0,1,0,2009,44.3,10.4,0.771901313827524
"84",1,0,0,0,0,0,0,0,0,0,0,0,0,0,0,0,0,0,1,2009,36.2,4.1,0.648977519844793
"85",1,0,0,0,0,0,0,0,0,0,0,0,0,0,0,0,1,0,0,2009,50.2,4.2,0.831157582235685
"86",1,0,0,0,0,0,0,0,0,0,0,0,1,0,0,0,0,0,0,2009,52.9,9.3,0.904488659400015
"87",1,0,0,0,0,0,0,0,0,0,0,0,0,0,1,0,0,0,0,2009,51.1,14.1,0.895654417456047
"88",1,0,0,0,0,0,0,0,0,0,0,0,0,0,0,1,0,0,0,2009,50.8,12.1,0.739167875727531
"89",1,0,0,0,0,0,0,0,0,0,0,0,0,1,0,0,0,0,0,2009,47.5,7.8,0.747280031899102
"90",1,0,0,0,0,0,0,0,0,0,0,0,0,0,0,0,0,1,0,2009,48.9,13,0.821691724662496
"91",1,0,0,0,0,0,0,0,0,0,0,0,0,0,0,0,0,0,1,2009,43.1,12.7,0.814554635589614
"92",1,0,0,0,0,0,0,0,0,0,0,0,0,0,0,0,1,0,0,2009,46.9,9.1,0.798234826984228
"93",1,0,0,0,0,0,0,0,0,0,0,0,1,0,0,0,0,0,0,2009,50.5,5.3,0.797264786004604
"94",1,0,0,0,0,0,0,0,0,0,0,0,0,0,1,0,0,0,0,2009,44.9,11.8,0.817236907797521
"95",1,0,0,0,0,0,0,0,0,0,0,0,0,0,0,1,0,0,0,2009,40.2,11.6,0.680570028916938
"96",1,0,0,0,0,0,0,0,0,0,0,0,0,1,0,0,0,0,0,2009,41.3,12.1,0.695395404786876
"97",1,0,0,0,0,0,0,0,0,0,0,0,0,0,0,0,0,1,0,2009,46.5,2.9,0.807804557684769
"98",1,0,0,0,0,0,0,0,0,0,0,0,0,0,0,0,0,0,1,2009,46.1,10.5,0.826860250434759
"99",1,0,0,0,0,0,0,0,0,0,0,0,0,0,0,0,1,0,0,2009,43.7,8.8,0.872187467539648
"100",1,0,0,0,0,0,0,0,0,0,0,0,1,0,0,0,0,0,0,2009,47.5,7,0.88574458603208
"101",1,0,0,0,0,0,0,0,0,0,0,0,0,0,1,0,0,0,0,2009,56.6,5.2,0.873857814442386
"102",1,0,0,0,0,0,0,0,0,0,0,0,0,0,0,1,0,0,0,2009,49,9,0.735229073753271
"103",1,0,0,0,0,0,0,0,0,0,0,0,0,1,0,0,0,0,0,2009,44.1,8.7,0.802125043140855
"104",1,0,0,0,0,0,0,0,0,0,0,0,0,0,0,0,0,1,0,2009,54.7,13.8,0.78311123471641
"105",1,0,0,0,0,0,0,0,0,0,0,0,0,0,0,0,0,0,1,2009,55.9,7.9,0.837450283305578
"106",1,0,0,0,0,0,0,0,0,0,0,0,0,0,0,0,1,0,0,2009,51,13,0.869828542324949
"107",1,0,0,0,0,0,0,0,0,0,0,0,1,0,0,0,0,0,0,2009,54.6,8.9,0.882271537757882
"108",1,0,0,0,0,0,0,0,0,0,0,0,0,0,1,0,0,0,0,2009,59.9,9.4,0.860131483274751
"109",1,0,0,0,0,0,0,0,0,0,0,0,0,0,0,1,0,0,0,2009,71.7,6.3,0.746276483459042
"110",1,0,0,0,0,0,0,0,0,0,0,0,0,0,0,0,0,1,0,2009,60.6,12.8,0.788448973163875
"111",1,0,0,0,0,0,0,0,0,0,0,0,0,0,0,0,0,0,1,2009,50.5,10.6,0.825610422160494
"112",1,0,0,0,0,0,0,0,0,0,0,0,0,0,0,0,1,0,0,2009,45,5.2,0.865985236612932
"113",0,0,0,0,0,0,0,0,1,0,0,0,1,0,0,0,0,0,0,2009,52.1,13,0.898939823951803
"114",0,0,0,0,0,0,0,0,1,0,0,0,0,0,1,0,0,0,0,2009,52.7,8.3,0.854733431398501
"115",0,0,0,0,0,0,0,0,1,0,0,0,0,0,0,1,0,0,0,2009,48.2,4.6,0.771794089954128
"116",0,0,0,0,0,0,0,0,1,0,0,0,0,1,0,0,0,0,0,2009,49.9,2.9,0.774377515153749
"117",0,0,0,0,0,0,0,0,1,0,0,0,0,0,0,0,0,1,0,2009,50.4,8,0.867442811141901
"118",0,0,0,0,0,0,0,0,1,0,0,0,0,0,0,0,0,0,1,2009,50.4,5.5,0.866918419386076
"119",0,0,0,0,0,0,0,0,1,0,0,0,0,0,0,0,1,0,0,2009,57.6,10.7,0.877198508247861
"120",0,0,0,0,0,0,0,0,1,0,0,0,1,0,0,0,0,0,0,2009,61.9,7,0.88278085115651
"121",0,0,0,0,0,0,0,0,1,0,0,0,0,0,1,0,0,0,0,2009,58.9,6.7,0.839931510750869
"122",0,0,0,0,0,0,0,0,1,0,0,0,0,0,0,1,0,0,0,2009,63.1,14.3,0.708471691222051
"123",0,0,0,0,0,0,0,0,1,0,0,0,0,1,0,0,0,0,0,2009,53.6,7.4,0.729036895064686
"124",0,0,0,0,0,0,0,0,1,0,0,0,0,0,0,0,0,1,0,2009,53.4,3,0.791566842357451
"125",0,0,0,0,0,0,0,0,1,0,0,0,0,0,0,0,0,0,1,2009,52.9,4.1,0.842424465807312
"126",0,0,0,0,0,0,0,0,1,0,0,0,0,0,0,0,1,0,0,2009,57.3,10.1,0.891760850553376
"127",0,0,0,0,0,0,0,0,1,0,0,0,1,0,0,0,0,0,0,2009,60.8,11.1,0.896095040560781
"128",0,0,0,0,0,0,0,0,1,0,0,0,0,0,1,0,0,0,0,2009,60.6,5.5,0.882165989257508
"129",0,0,0,0,0,0,0,0,1,0,0,0,0,0,0,1,0,0,0,2009,62.6,9.6,0.765240030692834
"130",0,0,0,0,0,0,0,0,1,0,0,0,0,1,0,0,0,0,0,2009,49.6,7.6,0.783478141408185
"131",0,0,0,0,0,0,0,0,1,0,0,0,0,0,0,0,0,1,0,2009,49.9,3.8,0.826149892273515
"132",0,0,0,0,0,0,0,0,1,0,0,0,0,0,0,0,0,0,1,2009,61.4,8.1,0.844488525370174
"133",0,0,0,0,0,0,0,0,1,0,0,0,0,0,0,0,1,0,0,2009,66.2,13,0.866665438059784
"134",0,0,0,0,0,0,0,0,1,0,0,0,1,0,0,0,0,0,0,2009,66.3,12.3,0.830876119568022
"135",0,0,0,0,0,0,0,0,1,0,0,0,0,0,1,0,0,0,0,2009,60.6,6.8,0.676364842632212
"136",0,0,0,0,0,0,0,0,1,0,0,0,0,0,0,0,0,1,0,2009,54.4,9.4,0.744637968643719
"137",0,0,0,0,0,0,0,0,1,0,0,0,0,0,0,0,0,0,1,2009,52,5.3,0.803961251972752
"138",0,0,0,0,0,0,0,0,1,0,0,0,0,0,0,0,1,0,0,2009,52.5,8.9,0.869520273688937
"139",0,0,0,0,0,0,0,0,1,0,0,0,1,0,0,0,0,0,0,2009,57.2,4.5,0.877806668654776
"140",0,0,0,0,0,0,0,0,1,0,0,0,0,0,1,0,0,0,0,2009,66.4,6.3,0.810223796328252
"141",0,0,0,0,0,0,0,0,1,0,0,0,0,0,0,1,0,0,0,2009,64.7,7.5,0.685813946475183
"142",0,0,0,0,0,0,1,0,0,0,0,0,0,0,0,0,0,1,0,2009,62.1,8.5,0.789486029064371
"143",0,0,0,0,0,0,1,0,0,0,0,0,0,0,0,0,0,0,1,2009,61.6,4.3,0.84761644680188
"144",0,0,0,0,0,0,1,0,0,0,0,0,0,0,0,0,1,0,0,2009,59.9,4.8,0.873753941315034
"145",0,0,0,0,0,0,1,0,0,0,0,0,1,0,0,0,0,0,0,2009,58,5.2,0.924432299851562
"146",0,0,0,0,0,0,1,0,0,0,0,0,0,0,1,0,0,0,0,2009,58.2,9,0.773714067437115
"147",0,0,0,0,0,0,1,0,0,0,0,0,0,0,0,1,0,0,0,2009,67.6,8.4,0.70363991542717
"148",0,0,0,0,0,0,1,0,0,0,0,0,0,1,0,0,0,0,0,2009,64.2,4.9,0.643760408254898
"149",0,0,0,0,0,0,1,0,0,0,0,0,0,0,0,0,0,1,0,2009,57.5,5.4,0.80709084877748
"150",0,0,0,0,0,0,1,0,0,0,0,0,0,0,0,0,0,0,1,2009,59.7,5.8,0.854389979929031
"151",0,0,0,0,0,0,1,0,0,0,0,0,0,0,0,0,1,0,0,2009,59.2,6.4,0.883568276476758
"152",0,0,0,0,0,0,1,0,0,0,0,0,1,0,0,0,0,0,0,2009,66.6,6.7,0.888328011231701
"153",0,0,0,0,0,0,1,0,0,0,0,0,0,0,1,0,0,0,0,2009,67.1,4.6,0.81354773640351
"154",0,0,0,0,0,0,1,0,0,0,0,0,0,0,0,1,0,0,0,2009,62.4,5.6,0.668458757342322
"155",0,0,0,0,0,0,1,0,0,0,0,0,0,1,0,0,0,0,0,2009,59.1,5.8,0.72932840997048
"156",0,0,0,0,0,0,1,0,0,0,0,0,0,0,0,0,0,1,0,2009,57.2,7.8,0.798938483653385
"157",0,0,0,0,0,0,1,0,0,0,0,0,0,0,0,0,0,0,1,2009,58.7,3.3,0.847954872152285
"158",0,0,0,0,0,0,1,0,0,0,0,0,0,0,0,0,1,0,0,2009,62.3,5.3,0.894722910055924
"159",0,0,0,0,0,0,1,0,0,0,0,0,1,0,0,0,0,0,0,2009,68.2,9.3,0.872376784691111
"160",0,0,0,0,0,0,1,0,0,0,0,0,0,0,1,0,0,0,0,2009,68.4,3.6,0.820949534413837
"161",0,0,0,0,0,0,1,0,0,0,0,0,0,0,0,1,0,0,0,2009,62.2,10.6,0.676497197100934
"162",0,0,0,0,0,0,1,0,0,0,0,0,0,1,0,0,0,0,0,2009,59.2,17.7,0.700001005223813
"163",0,0,0,0,0,0,1,0,0,0,0,0,0,0,0,0,0,1,0,2009,60.1,17.4,0.79067386853683
"164",0,0,0,0,0,0,1,0,0,0,0,0,0,0,0,0,0,0,1,2009,61.1,5.6,0.832889917940229
"165",0,0,0,0,0,0,1,0,0,0,0,0,0,0,0,0,1,0,0,2009,65.5,3.4,0.865097288911376
"166",0,0,0,0,0,0,1,0,0,0,0,0,1,0,0,0,0,0,0,2009,68.8,7.5,0.874661993492851
"167",0,0,0,0,0,0,1,0,0,0,0,0,0,0,1,0,0,0,0,2009,71.6,5.3,0.791809771445612
"168",0,0,0,0,0,0,1,0,0,0,0,0,0,0,0,1,0,0,0,2009,65.9,6.5,0.692220572910558
"169",0,0,0,0,0,0,1,0,0,0,0,0,0,1,0,0,0,0,0,2009,66.6,5.8,0.722260011191492
"170",0,0,0,0,0,0,1,0,0,0,0,0,0,0,0,0,0,1,0,2009,67.4,3.3,0.772405601107086
"171",0,0,0,0,0,1,0,0,0,0,0,0,0,0,0,0,0,0,1,2009,66.9,5.6,0.665823395579026
"172",0,0,0,0,0,1,0,0,0,0,0,0,0,0,0,0,1,0,0,2009,67.6,5.7,0.769359772953448
"173",0,0,0,0,0,1,0,0,0,0,0,0,0,0,0,0,0,1,0,2009,66,5.2,0.701262561109231
"174",0,0,0,0,0,1,0,0,0,0,0,0,0,0,0,0,0,0,1,2009,64.3,7,0.754837639600457
"175",0,0,0,0,0,1,0,0,0,0,0,0,0,0,0,0,1,0,0,2009,61.8,9.4,0.815966975046994
"176",0,0,0,0,0,1,0,0,0,0,0,0,1,0,0,0,0,0,0,2009,61,3.6,0.806221330179164
"177",0,0,0,0,0,1,0,0,0,0,0,0,0,0,1,0,0,0,0,2009,63,4.9,0.742052868071076
"178",0,0,0,0,0,1,0,0,0,0,0,0,0,0,0,1,0,0,0,2009,67.8,7.9,0.633706494751056
"179",0,0,0,0,0,1,0,0,0,0,0,0,0,1,0,0,0,0,0,2009,67,7.9,0.66563240305454
"180",0,0,0,0,0,1,0,0,0,0,0,0,0,0,0,0,0,1,0,2009,68.1,6.2,0.758773090828673
"181",0,0,0,0,0,1,0,0,0,0,0,0,0,0,0,0,0,0,1,2009,68.4,7.9,0.812993187933293
"182",0,0,0,0,0,1,0,0,0,0,0,0,0,0,0,0,1,0,0,2009,71,10.6,0.836148518467637
"183",0,0,0,0,0,1,0,0,0,0,0,0,1,0,0,0,0,0,0,2009,75.5,6.9,0.865209538903837
"184",0,0,0,0,0,1,0,0,0,0,0,0,0,0,1,0,0,0,0,2009,74.7,8.4,0.7352927379281
"185",0,0,0,0,0,1,0,0,0,0,0,0,0,0,0,1,0,0,0,2009,71.5,6.8,0.655789586551446
"186",0,0,0,0,0,1,0,0,0,0,0,0,0,1,0,0,0,0,0,2009,70.2,3.4,0.688429203762218
"187",0,0,0,0,0,1,0,0,0,0,0,0,0,0,0,0,0,1,0,2009,68.6,6.3,0.800504957428771
"188",0,0,0,0,0,1,0,0,0,0,0,0,0,0,0,0,0,0,1,2009,72.7,6.4,0.814452437835284
"189",0,0,0,0,0,1,0,0,0,0,0,0,0,0,0,0,1,0,0,2009,67.2,4.1,0.842029077774166
"190",0,0,0,0,0,1,0,0,0,0,0,0,1,0,0,0,0,0,0,2009,66,10.3,0.820842310540442
"191",0,0,0,0,0,1,0,0,0,0,0,0,0,0,1,0,0,0,0,2009,70.4,6.6,0.753319751642703
"192",0,0,0,0,0,1,0,0,0,0,0,0,0,0,0,1,0,0,0,2009,72.9,8.3,0.687313405329697
"193",0,0,0,0,0,1,0,0,0,0,0,0,0,1,0,0,0,0,0,2009,74.8,11.2,0.706317161516012
"194",0,0,0,0,0,1,0,0,0,0,0,0,0,0,0,0,0,1,0,2009,73.5,7.3,0.78677192476905
"195",0,0,0,0,0,1,0,0,0,0,0,0,0,0,0,0,0,0,1,2009,74.5,8.9,0.819508713615086
"196",0,0,0,0,0,1,0,0,0,0,0,0,0,0,0,0,1,0,0,2009,76.2,12.5,0.846601170750668
"197",0,0,0,0,0,1,0,0,0,0,0,0,1,0,0,0,0,0,0,2009,74.1,7.9,0.834377649183591
"198",0,1,0,0,0,0,0,0,0,0,0,0,0,0,1,0,0,0,0,2009,72.5,3.6,0.735192215546791
"199",0,1,0,0,0,0,0,0,0,0,0,0,0,0,0,1,0,0,0,2009,71.1,5.7,0.660427019075797
"200",0,1,0,0,0,0,0,0,0,0,0,0,0,1,0,0,0,0,0,2009,74.8,5.5,0.699345934372288
"201",0,1,0,0,0,0,0,0,0,0,0,0,0,0,0,0,0,1,0,2009,73.7,5.9,0.780311686396976
"202",0,1,0,0,0,0,0,0,0,0,0,0,0,0,0,0,0,0,1,2009,74.3,10,0.817225180186368
"203",0,1,0,0,0,0,0,0,0,0,0,0,0,0,0,0,1,0,0,2009,70.8,4.8,0.825509899779186
"204",0,1,0,0,0,0,0,0,0,0,0,0,1,0,0,0,0,0,0,2009,70,5.5,0.813941449063634
"205",0,1,0,0,0,0,0,0,0,0,0,0,0,0,1,0,0,0,0,2009,64.9,4.2,0.700748221591537
"206",0,1,0,0,0,0,0,0,0,0,0,0,0,1,0,0,0,0,0,2009,75,7.7,0.699704464198954
"207",0,1,0,0,0,0,0,0,0,0,0,0,0,0,0,0,0,1,0,2009,76.5,3.8,0.766851739539809
"208",0,1,0,0,0,0,0,0,0,0,0,0,0,0,0,0,0,0,1,2009,68.2,6.6,0.779963208808441
"209",0,1,0,0,0,0,0,0,0,0,0,0,0,0,0,0,1,0,0,2009,66.5,7.9,0.825900261693266
"210",0,1,0,0,0,0,0,0,0,0,0,0,1,0,0,0,0,0,0,2009,68.2,4,0.824353892394142
"211",0,1,0,0,0,0,0,0,0,0,0,0,0,0,1,0,0,0,0,2009,72.5,5.4,0.742366162826153
"212",0,1,0,0,0,0,0,0,0,0,0,0,0,0,0,1,0,0,0,2009,75.3,6.5,0.672020600386676
"213",0,1,0,0,0,0,0,0,0,0,0,0,0,1,0,0,0,0,0,2009,74.2,7.5,0.703313217687918
"214",0,1,0,0,0,0,0,0,0,0,0,0,0,0,0,0,0,1,0,2009,76.5,7.5,0.778395059660033
"215",0,1,0,0,0,0,0,0,0,0,0,0,0,0,0,0,0,0,1,2009,76.8,8.9,0.789506133540633
"216",0,1,0,0,0,0,0,0,0,0,0,0,0,0,0,0,1,0,0,2009,76.8,4.5,0.835190205099165
"217",0,1,0,0,0,0,0,0,0,0,0,0,1,0,0,0,0,0,0,2009,79.8,9.3,0.814501023652916
"218",0,1,0,0,0,0,0,0,0,0,0,0,0,0,1,0,0,0,0,2009,79.2,9,0.704893094447479
"219",0,1,0,0,0,0,0,0,0,0,0,0,0,1,0,0,0,0,0,2009,75.4,4.5,0.641666191977644
"220",0,1,0,0,0,0,0,0,0,0,0,0,0,0,0,0,0,1,0,2009,71.6,4.2,0.71484481019699
"221",0,1,0,0,0,0,0,0,0,0,0,0,0,0,0,0,0,0,1,2009,75.3,9.8,0.774548403201973
"222",0,1,0,0,0,0,0,0,0,0,0,0,0,0,0,0,1,0,0,2009,68.8,4.8,0.780874611732302
"223",0,1,0,0,0,0,0,0,0,0,0,0,1,0,0,0,0,0,0,2009,63.8,3,0.82359997453433
"224",0,1,0,0,0,0,0,0,0,0,0,0,0,0,1,0,0,0,0,2009,66,8.6,0.71097972463569
"225",0,1,0,0,0,0,0,0,0,0,0,0,0,0,0,1,0,0,0,2009,60.4,4.1,0.639442971977711
"226",0,1,0,0,0,0,0,0,0,0,0,0,0,1,0,0,0,0,0,2009,64.2,4.5,0.635080300628935
"227",0,0,0,0,0,0,0,0,0,0,0,1,0,0,0,0,0,1,0,2009,59.7,4.5,0.696864706926997
"228",0,0,0,0,0,0,0,0,0,0,0,1,0,0,0,0,0,0,1,2009,58.8,3.3,0.736021525192584
"229",0,0,0,0,0,0,0,0,0,0,0,1,0,0,0,0,1,0,0,2009,58.9,1.6,0.766531743292644
"230",0,0,0,0,0,0,0,0,0,0,0,1,1,0,0,0,0,0,0,2009,59.8,4.4,0.75179348681984
"231",0,0,0,0,0,0,0,0,0,0,0,1,0,0,1,0,0,0,0,2009,65.3,2.5,0.659882522843711
"232",0,0,0,0,0,0,0,0,0,0,0,1,0,0,0,0,0,1,0,2009,61.8,2.1,0.72353999618015
"233",0,0,0,0,0,0,0,0,0,0,0,1,0,0,0,0,0,0,1,2009,61.6,7.2,0.818873747239823
"234",0,0,0,0,0,0,0,0,0,0,0,1,0,0,0,0,1,0,0,2009,57.4,8.8,0.888597746288211
"235",0,0,0,0,0,0,0,0,0,0,0,1,1,0,0,0,0,0,0,2009,61,8.5,0.921041344855432
"236",0,0,0,0,0,0,0,0,0,0,0,1,0,0,1,0,0,0,0,2009,66,6.1,0.870302672890119
"237",0,0,0,0,0,0,0,0,0,0,0,1,0,0,0,1,0,0,0,2009,65.1,6,0.769046478198371
"238",0,0,0,0,0,0,0,0,0,0,0,1,0,1,0,0,0,0,0,2009,63.4,6,0.775895403111503
"239",0,0,0,0,0,0,0,0,0,0,0,1,0,0,0,0,0,1,0,2009,65.7,5.1,0.839247958557973
"240",0,0,0,0,0,0,0,0,0,0,0,1,0,0,0,0,0,0,1,2009,60.4,7.3,0.873261381646624
"241",0,0,0,0,0,0,0,0,0,0,0,1,0,0,0,0,1,0,0,2009,55.8,8.8,0.8965959770943
"242",0,0,0,0,0,0,0,0,0,0,0,1,1,0,0,0,0,0,0,2009,57.2,9.4,0.892486287071817
"243",0,0,0,0,0,0,0,0,0,0,0,1,0,0,1,0,0,0,0,2009,57.3,6.3,0.825530004255447
"244",0,0,0,0,0,0,0,0,0,0,0,1,0,0,0,1,0,0,0,2009,52.3,4.1,0.692223923656602
"245",0,0,0,0,0,0,0,0,0,0,0,1,0,1,0,0,0,0,0,2009,58.5,3.6,0.725243850543324
"246",0,0,0,0,0,0,0,0,0,0,0,1,0,0,0,0,0,1,0,2009,59.5,5,0.759969307166241
"247",0,0,0,0,0,0,0,0,0,0,0,1,0,0,0,0,0,0,1,2009,67.8,8.2,0.787602909787864
"248",0,0,0,0,0,0,0,0,0,0,0,1,0,0,0,0,1,0,0,2009,69.9,8.6,0.82823573168566
"249",0,0,0,0,0,0,0,0,0,0,0,1,1,0,0,0,0,0,0,2009,55.8,10.3,0.89492395481854
"250",0,0,0,0,0,0,0,0,0,0,0,1,0,0,1,0,0,0,0,2009,50.5,5,0.896403309196793
"251",0,0,0,0,0,0,0,0,0,0,0,1,0,0,0,1,0,0,0,2009,58.3,8.8,0.757308814807617
"252",0,0,0,0,0,0,0,0,0,0,0,1,0,1,0,0,0,0,0,2009,65.2,10.8,0.658542224426269
"253",0,0,0,0,0,0,0,0,0,0,0,1,0,0,0,0,0,1,0,2009,61.2,10.6,0.769173806548028
"254",0,0,0,0,0,0,0,0,0,0,0,1,0,0,0,0,0,0,1,2009,56.8,7.5,0.845234066364876
"255",0,0,0,0,0,0,0,0,0,0,1,0,0,0,0,0,1,0,0,2009,48.9,7.3,0.876235168760324
"256",0,0,0,0,0,0,0,0,0,0,1,0,1,0,0,0,0,0,0,2009,51.4,5.6,0.916480979490083
"257",0,0,0,0,0,0,0,0,0,0,1,0,0,0,1,0,0,0,0,2009,59,9.3,0.875973810568923
"258",0,0,0,0,0,0,0,0,0,0,1,0,0,0,0,1,0,0,0,2009,62.6,4.6,0.730727346443686
"259",0,0,0,0,0,0,0,0,0,0,1,0,0,1,0,0,0,0,0,2009,59.8,7.2,0.736984864680121
"260",0,0,0,0,0,0,0,0,0,0,1,0,0,0,0,0,0,1,0,2009,56.6,9.9,0.798308543397187
"261",0,0,0,0,0,0,0,0,0,0,1,0,0,0,0,0,0,0,1,2009,59.7,12.7,0.842176510600085
"262",0,0,0,0,0,0,0,0,0,0,1,0,0,0,0,0,1,0,0,2009,56.1,13,0.882164313884486
"263",0,0,0,0,0,0,0,0,0,0,1,0,1,0,0,0,0,0,0,2009,52.5,4,0.914259434863172
"264",0,0,0,0,0,0,0,0,0,0,1,0,0,0,1,0,0,0,0,2009,63.1,8.9,0.90765176366518
"265",0,0,0,0,0,0,0,0,0,0,1,0,0,0,0,1,0,0,0,2009,48.1,7,0.776780000067015
"266",0,0,0,0,0,0,0,0,0,0,1,0,0,1,0,0,0,0,0,2009,46,6.5,0.691510214749314
"267",0,0,0,0,0,0,0,0,0,0,1,0,0,0,0,0,0,1,0,2009,48.9,6.1,0.806221330179164
"268",0,0,0,0,0,0,0,0,0,0,1,0,0,0,0,0,0,0,1,2009,42.9,7.3,0.854527360516819
"269",0,0,0,0,0,0,0,0,0,0,1,0,0,0,0,0,1,0,0,2009,38.8,4.8,0.893531719837422
"270",0,0,0,0,0,0,0,0,0,0,1,0,1,0,0,0,0,0,0,2009,42.6,15.5,0.922535777590881
"271",0,0,0,0,0,0,0,0,0,0,1,0,0,0,1,0,0,0,0,2009,46.4,11.5,0.906604655526553
"272",0,0,0,0,0,0,0,0,0,0,1,0,0,0,0,1,0,0,0,2009,47.3,16.7,0.79143616326175
"273",0,0,0,0,0,0,0,0,0,0,1,0,0,1,0,0,0,0,0,2009,42.7,10,0.758550266216773
"274",0,0,0,0,0,0,0,0,0,0,1,0,0,0,0,0,0,1,0,2009,42.4,4.7,0.793031118378507
"275",0,0,0,0,0,0,0,0,0,0,1,0,0,0,0,0,0,0,1,2009,52.9,5.3,0.844315961948928
"276",0,0,0,0,0,0,0,0,0,0,1,0,0,0,0,0,1,0,0,2009,57,7.7,0.884101045097691
"277",0,0,0,0,0,0,0,0,0,0,1,0,1,0,0,0,0,0,0,2009,49.5,12,0.938483653385426
"278",0,0,0,0,0,0,0,0,0,0,1,0,0,0,1,0,0,0,0,2009,54.7,13.5,0.907594800982439
"279",0,0,0,0,0,0,0,0,0,0,1,0,0,0,0,1,0,0,0,2009,59.9,11.6,0.749803143669938
"280",0,0,0,0,0,0,0,0,0,0,1,0,0,1,0,0,0,0,0,2009,47,5.2,0.751188677158969
"281",0,0,0,0,0,0,0,0,0,0,1,0,0,0,0,0,0,1,0,2009,44.8,4.8,0.820239176252593
"282",0,0,0,0,0,0,0,0,0,0,1,0,0,0,0,0,0,0,1,2009,52.6,10,0.858084177442108
"283",0,0,0,0,0,0,0,0,0,0,1,0,0,0,0,0,1,0,0,2009,48.4,14.1,0.877139870192098
"284",0,0,0,0,0,0,0,0,0,0,1,0,1,0,0,0,0,0,0,2009,44,3,0.927318967568129
"285",0,0,0,0,0,0,0,0,0,0,1,0,0,0,1,0,0,0,0,2009,55.3,10.2,0.909482946378011
"286",0,0,0,0,0,0,0,0,0,1,0,0,0,0,0,1,0,0,0,2009,55.9,9.9,0.808203296463958
"287",0,0,0,0,0,0,0,0,0,1,0,0,0,1,0,0,0,0,0,2009,47.2,9.3,0.760311083262688
"288",0,0,0,0,0,0,0,0,0,1,0,0,0,0,0,0,0,1,0,2009,49.6,7.7,0.792841801227043
"289",0,0,0,0,0,0,0,0,0,1,0,0,0,0,0,0,0,0,1,2009,45.1,7.2,0.84382507765354
"290",0,0,0,0,0,0,0,0,0,1,0,0,0,0,0,0,1,0,0,2009,42.7,3.2,0.906760465217581
"291",0,0,0,0,0,0,0,0,0,1,0,0,1,0,0,0,0,0,0,2009,40.4,7.5,0.913111804343237
"292",0,0,0,0,0,0,0,0,0,1,0,0,0,0,1,0,0,0,0,2009,37.3,6.8,0.905912726468548
"293",0,0,0,0,0,0,0,0,0,1,0,0,0,0,0,1,0,0,0,2009,51.3,9.3,0.749322311612681
"294",0,0,0,0,0,0,0,0,0,1,0,0,0,1,0,0,0,0,0,2009,45.9,5.1,0.733237055230347
"295",0,0,0,0,0,0,0,0,0,1,0,0,0,0,0,0,0,1,0,2009,57.3,9,0.798995446336127
"296",0,0,0,0,0,0,0,0,0,1,0,0,0,0,0,0,0,0,1,2009,49.6,12,0.813140620759212
"297",0,0,0,0,0,0,0,0,0,1,0,0,0,0,0,0,1,0,0,2009,47.2,15.7,0.89422699964147
"298",0,0,0,0,0,0,0,0,0,1,0,0,1,0,0,0,0,0,0,2009,49.9,17.8,0.926302016143894
"299",0,0,0,0,0,0,0,0,0,1,0,0,0,0,1,0,0,0,0,2009,57.4,15.7,0.907179308473032
"300",0,0,0,0,0,0,0,0,0,1,0,0,0,0,0,1,0,0,0,2009,59.2,6.7,0.738625054868466
"301",0,0,0,0,0,0,0,0,0,1,0,0,0,1,0,0,0,0,0,2009,53.9,5.8,0.740107759992762
"302",0,0,0,0,0,0,0,0,0,1,0,0,0,0,0,0,0,1,0,2009,42.9,6.2,0.799022252304476
"303",0,0,0,0,0,0,0,0,0,1,0,0,0,0,0,0,0,0,1,2009,42.2,2.9,0.845413331278209
"304",0,0,0,0,0,0,0,0,0,1,0,0,0,0,0,0,1,0,0,2009,41.9,3.1,0.889968201420046
"305",0,0,0,0,0,0,0,0,0,1,0,0,1,0,0,0,0,0,0,2009,56.9,12.1,0.927270381750497
"306",0,0,0,0,0,0,0,0,0,1,0,0,0,0,1,0,0,0,0,2009,47.7,7.2,0.901963872256158
"307",0,0,0,0,0,0,0,0,0,1,0,0,0,0,0,1,0,0,0,2009,44.7,8.2,0.756449348447432
"308",0,0,0,0,0,0,0,0,0,1,0,0,0,1,0,0,0,0,0,2009,47.4,11.9,0.745666647679106
"309",0,0,0,0,0,0,0,0,0,1,0,0,0,0,0,0,0,1,0,2009,48.4,14.1,0.795750248792894
"310",0,0,0,0,0,0,0,0,0,1,0,0,0,0,0,0,0,0,1,2009,48.9,10.3,0.788324995560261
"311",0,0,0,0,0,0,0,0,0,1,0,0,0,0,1,0,0,0,0,2009,44.3,19,0.709160269534012
"312",0,0,0,0,0,0,0,0,0,1,0,0,0,0,0,1,0,0,0,2009,44,12.6,0.656990829008079
"313",0,0,0,0,0,0,0,0,0,1,0,0,0,1,0,0,0,0,0,2009,51.5,11.1,0.754820885870239
"314",0,0,1,0,0,0,0,0,0,0,0,0,0,0,0,0,0,1,0,2009,38.3,7.9,0.815695564617462
"315",0,0,1,0,0,0,0,0,0,0,0,0,0,0,0,0,0,0,1,2009,41,6.2,0.844555540291046
"316",0,0,1,0,0,0,0,0,0,0,0,0,0,0,0,0,1,0,0,2009,55.2,16.9,0.893335701193871
"317",0,0,1,0,0,0,0,0,0,0,0,0,1,0,0,0,0,0,0,2009,46.9,6.4,0.940378500273086
"318",0,0,1,0,0,0,0,0,0,0,0,0,0,0,1,0,0,0,0,2009,41.5,5.1,0.966306573158514
"319",0,0,1,0,0,0,0,0,0,0,0,0,0,0,0,1,0,0,0,2009,34.3,12.6,0.760974530979323
"320",0,0,1,0,0,0,0,0,0,0,0,0,0,1,0,0,0,0,0,2009,32,3.5,0.78409635405323
"321",0,0,1,0,0,0,0,0,0,0,0,0,0,0,0,0,0,1,0,2009,34,6.2,0.845870708113161
"322",0,0,1,0,0,0,0,0,0,0,0,0,0,0,0,0,0,0,1,2009,36.9,10,0.868987505068003
"323",0,0,1,0,0,0,0,0,0,0,0,0,0,0,0,0,1,0,0,2009,45.3,16.1,0.933926638766121
"324",0,0,1,0,0,0,0,0,0,0,0,0,1,0,0,0,0,0,0,2009,28.2,20,1
"325",0,0,1,0,0,0,0,0,0,0,0,0,0,0,1,0,0,0,0,2009,26,15.5,0.944419500001675
"326",0,0,1,0,0,0,0,0,0,0,0,0,0,0,0,1,0,0,0,2009,31.4,6,0.813304807315349
"327",0,0,1,0,0,0,0,0,0,0,0,0,0,1,0,0,0,0,0,2009,41.6,9.6,0.783940544362202
"328",0,0,1,0,0,0,0,0,0,0,0,0,0,0,0,0,0,1,0,2009,42.9,4.8,0.851761319657822
"329",0,0,1,0,0,0,0,0,0,0,0,0,0,0,0,0,0,0,1,2009,35.2,10.8,0.915943184750085
"330",0,0,1,0,0,0,0,0,0,0,0,0,0,0,0,0,1,0,0,2009,23.8,12.6,0.949149078042226
"331",0,0,1,0,0,0,0,0,0,0,0,0,1,0,0,0,0,0,0,2009,16,8.2,0.974938094966844
"332",0,0,1,0,0,0,0,0,0,0,0,0,0,0,1,0,0,0,0,2009,23.8,8,0.818940762160695
"333",0,0,1,0,0,0,0,0,0,0,0,0,0,1,0,0,0,0,0,2009,24.1,12.5,0.712770698395998
"334",0,0,1,0,0,0,0,0,0,0,0,0,0,0,0,0,0,1,0,2009,23.3,10.7,0.762445508492466
"335",0,0,1,0,0,0,0,0,0,0,0,0,0,0,0,0,0,0,1,2009,19.5,9.7,0.764127583006356
"336",0,0,1,0,0,0,0,0,0,0,0,0,0,0,0,0,1,0,0,2009,24.9,8.9,0.641056356197707
"337",0,0,1,0,0,0,0,0,0,0,0,0,0,1,0,0,0,0,0,2009,35.2,6.6,0.62902717790116
"338",0,0,1,0,0,0,0,0,0,0,0,0,0,0,0,0,0,1,0,2009,26.3,17.5,0.748918546714426
"339",0,0,1,0,0,0,0,0,0,0,0,0,0,0,0,0,0,0,1,2009,17.2,12.2,0.719798888222463
"340",0,0,1,0,0,0,0,0,0,0,0,0,0,0,0,0,1,0,0,2009,27.1,1.6,0.772683713028706
"341",0,0,0,0,1,0,0,0,0,0,0,0,1,0,0,0,0,0,0,2010,33,4.8,0.683891477564746
"342",0,0,0,0,1,0,0,0,0,0,0,0,0,0,1,0,0,0,0,2010,31.3,7.6,0.698809738564539
"343",0,0,0,0,1,0,0,0,0,0,0,0,0,0,0,1,0,0,0,2010,20.7,18.8,0.662981065415026
"344",0,0,0,0,1,0,0,0,0,0,0,0,0,1,0,0,0,0,0,2010,27.6,12.4,0.679577332956661
"345",0,0,0,0,1,0,0,0,0,0,0,0,0,0,0,0,0,1,0,2010,24.1,5.6,0.757764609378457
"346",0,0,0,0,1,0,0,0,0,0,0,0,0,0,0,0,0,0,1,2010,27.3,8.7,0.798212055098519
"347",0,0,0,0,1,0,0,0,0,0,0,0,0,0,0,0,1,0,0,2010,27.1,9.4,0.838513143250023
"348",0,0,0,0,1,0,0,0,0,0,0,0,1,0,0,0,0,0,0,2010,26.5,5.2,0.904547635984901
"349",0,0,0,0,1,0,0,0,0,0,0,0,0,0,1,0,0,0,0,2010,22.2,8.1,0.904746750351428
"350",0,0,0,0,1,0,0,0,0,0,0,0,0,0,0,1,0,0,0,2010,16,6.1,0.758392585457504
"351",0,0,0,0,1,0,0,0,0,0,0,0,0,1,0,0,0,0,0,2010,22.2,7.3,0.762434436914782
"352",0,0,0,0,1,0,0,0,0,0,0,0,0,0,0,0,0,1,0,2010,27.4,7.5,0.840114567343202
"353",0,0,0,0,1,0,0,0,0,0,0,0,0,0,0,0,0,0,1,2010,19.9,9,0.855182589575937
"354",0,0,0,0,1,0,0,0,0,0,0,0,0,0,0,0,1,0,0,2010,26,4.8,0.864450767696502
"355",0,0,0,0,1,0,0,0,0,0,0,0,1,0,0,0,0,0,0,2010,32.5,6.5,0.891016368222028
"356",0,0,0,0,1,0,0,0,0,0,0,0,0,0,1,0,0,0,0,2010,34.5,9.6,0.836629215012883
"357",0,0,0,0,1,0,0,0,0,0,0,0,0,0,0,1,0,0,0,2010,34.3,6.5,0.810453334059448
"358",0,0,0,0,1,0,0,0,0,0,0,0,0,0,0,0,0,1,0,2010,34.3,5.7,0.762878615117035
"359",0,0,0,0,1,0,0,0,0,0,0,0,0,0,0,0,0,0,1,2010,34.8,4.9,0.82808601740634
"360",0,0,0,0,1,0,0,0,0,0,0,0,0,0,0,0,1,0,0,2010,32,6.6,0.873514725953962
"361",0,0,0,0,1,0,0,0,0,0,0,0,1,0,0,0,0,0,0,2010,27.7,6.2,0.930240196595655
"362",0,0,0,0,1,0,0,0,0,0,0,0,0,0,1,0,0,0,0,2010,32.2,12.1,0.923790252585934
"363",0,0,0,0,1,0,0,0,0,0,0,0,0,0,0,1,0,0,0,2010,26.6,3.1,0.763954173062719
"364",0,0,0,0,1,0,0,0,0,0,0,0,0,1,0,0,0,0,0,2010,48.3,17.4,0.722591141623071
"365",0,0,0,0,1,0,0,0,0,0,0,0,0,0,0,0,0,1,0,2010,43,14.1,0.798697077273393
"366",0,0,0,0,1,0,0,0,0,0,0,0,0,0,0,0,0,0,1,2010,33.7,8.6,0.843387190649453
"367",0,0,0,0,1,0,0,0,0,0,0,0,0,0,0,0,1,0,0,2010,30.7,5.1,0.902165070915347
"368",0,0,0,0,1,0,0,0,0,0,0,0,1,0,0,0,0,0,0,2010,19.7,22.2,1
"369",0,0,0,0,1,0,0,0,0,0,0,0,0,0,1,0,0,0,0,2010,13,12.7,0.984807744017209
"370",0,0,0,0,1,0,0,0,0,0,0,0,0,0,0,1,0,0,0,2010,21.3,7.4,0.798513279396598
"371",0,0,0,1,0,0,0,0,0,0,0,0,0,1,0,0,0,0,0,2010,25.4,10.8,0.714590828485948
"372",0,0,0,1,0,0,0,0,0,0,0,0,0,0,0,0,0,1,0,2010,27.4,9.5,0.771915344059414
"373",0,0,0,1,0,0,0,0,0,0,0,0,0,0,0,0,1,0,0,2010,32.4,13.6,0.775526631971981
"374",0,0,0,1,0,0,0,0,0,0,0,0,1,0,0,0,0,0,0,2010,27.4,6.5,0.872614456724109
"375",0,0,0,1,0,0,0,0,0,0,0,0,0,0,1,0,0,0,0,2010,24.7,5.9,0.910839309600716
"376",0,0,0,1,0,0,0,0,0,0,0,0,0,0,0,1,0,0,0,2010,29.4,12.2,0.831664970507248
"377",0,0,0,1,0,0,0,0,0,0,0,0,0,1,0,0,0,0,0,2010,32.1,14.3,0.700036759575359
"378",0,0,0,1,0,0,0,0,0,0,0,0,0,0,0,0,0,1,0,2010,32.8,6.6,0.775031398803952
"379",0,0,0,1,0,0,0,0,0,0,0,0,0,0,0,0,0,0,1,2010,31.5,11.9,0.824595559579443
"380",0,0,0,1,0,0,0,0,0,0,0,0,0,0,0,0,1,0,0,2010,34.7,11,0.852032498187549
"381",0,0,0,1,0,0,0,0,0,0,0,0,1,0,0,0,0,0,0,2010,34.3,13.9,0.89430941351459
"382",0,0,0,1,0,0,0,0,0,0,0,0,0,0,1,0,0,0,0,2010,34.9,8.7,0.86935034257882
"383",0,0,0,1,0,0,0,0,0,0,0,0,0,0,0,1,0,0,0,2010,34.8,10.1,0.741576781563031
"384",0,0,0,1,0,0,0,0,0,0,0,0,0,1,0,0,0,0,0,2010,33.5,8.9,0.725761654997771
"385",0,0,0,1,0,0,0,0,0,0,0,0,0,0,0,0,0,1,0,2010,33.9,7.2,0.846144158801366
"386",0,0,0,1,0,0,0,0,0,0,0,0,0,0,0,0,0,0,1,2010,41,16.4,0.820643905228369
"387",0,0,0,1,0,0,0,0,0,0,0,0,0,0,0,0,1,0,0,2010,40,7.9,0.776299263787394
"388",0,0,0,1,0,0,0,0,0,0,0,0,0,0,1,0,0,0,0,2010,33,7.5,0.825810667764916
"389",0,0,0,1,0,0,0,0,0,0,0,0,0,0,0,1,0,0,0,2010,32.9,4.2,0.737126490379543
"390",0,0,0,0,0,0,0,1,0,0,0,0,0,1,0,0,0,0,0,2010,41.1,7.9,0.722769834003288
"391",0,0,0,0,0,0,0,1,0,0,0,0,0,0,0,0,0,1,0,2010,41.8,7.1,0.770441557380676
"392",0,0,0,0,0,0,0,1,0,0,0,0,0,0,0,0,0,0,1,2010,35.4,3.3,0.808719167055252
"393",0,0,0,0,0,0,0,1,0,0,0,0,0,0,0,0,1,0,0,2010,37,4.7,0.864923877046028
"394",0,0,0,0,0,0,0,1,0,0,0,0,1,0,0,0,0,0,0,2010,42.4,8.2,0.909151092065718
"395",0,0,0,0,0,0,0,1,0,0,0,0,0,0,1,0,0,0,0,2010,40.7,14.9,0.952147882410203
"396",0,0,0,0,0,0,0,1,0,0,0,0,0,0,0,1,0,0,0,2010,46.7,23.5,0.691633112208604
"397",0,0,0,0,0,0,0,1,0,0,0,0,0,1,0,0,0,0,0,2010,43,16.8,0.74022893046654
"398",0,0,0,0,0,0,0,1,0,0,0,0,0,0,0,0,0,1,0,2010,39.7,15.5,0.77647795616761
"399",0,0,0,0,0,0,0,1,0,0,0,0,0,0,0,0,0,0,1,2010,39.7,5.3,0.803586441162556
"400",0,0,0,0,0,0,0,1,0,0,0,0,0,0,0,0,1,0,0,2010,46.7,9.2,0.875100833557408
"401",0,0,0,0,0,0,0,1,0,0,0,0,1,0,0,0,0,0,0,2010,48.4,5.4,0.871698871004523
"402",0,0,0,0,0,0,0,1,0,0,0,0,0,0,1,0,0,0,0,2010,49.4,5.7,0.864934088039183
"403",0,0,0,0,0,0,0,1,0,0,0,0,0,0,0,1,0,0,0,2010,48.6,7.5,0.744937900143294
"404",0,0,0,0,0,0,0,1,0,0,0,0,0,1,0,0,0,0,0,2010,44.9,2.8,0.729786488133124
"405",0,0,0,0,0,0,0,1,0,0,0,0,0,0,0,0,0,1,0,2010,48.2,9,0.754633238144186
"406",0,0,0,0,0,0,0,1,0,0,0,0,0,0,0,0,0,0,1,2010,44.5,14,0.772912617724242
"407",0,0,0,0,0,0,0,1,0,0,0,0,0,0,0,0,1,0,0,2010,46.5,10,0.819318177950381
"408",0,0,0,0,0,0,0,1,0,0,0,0,1,0,0,0,0,0,0,2010,42.4,15.2,0.895395182453429
"409",0,0,0,0,0,0,0,1,0,0,0,0,0,0,1,0,0,0,0,2010,30.9,11.3,0.868989554154002
"410",0,0,0,0,0,0,0,1,0,0,0,0,0,0,0,1,0,0,0,2010,31.6,6.3,0.745033202746076
"411",0,0,0,0,0,0,0,1,0,0,0,0,0,1,0,0,0,0,0,2010,47.1,16.8,0.694461557312603
"412",0,0,0,0,0,0,0,1,0,0,0,0,0,0,0,0,0,1,0,2010,50.7,16.2,0.778098100414907
"413",0,0,0,0,0,0,0,1,0,0,0,0,0,0,0,0,0,0,1,2010,44.9,9,0.768140680256364
"414",1,0,0,0,0,0,0,0,0,0,0,0,0,0,0,0,1,0,0,2010,47.1,10.3,0.869055925609511
"415",1,0,0,0,0,0,0,0,0,0,0,0,1,0,0,0,0,0,0,2010,46.1,3.1,0.877056238746635
"416",1,0,0,0,0,0,0,0,0,0,0,0,0,0,1,0,0,0,0,2010,48,5.6,0.843696924108495
"417",1,0,0,0,0,0,0,0,0,0,0,0,0,0,0,1,0,0,0,2010,51,8.9,0.687952049176143
"418",1,0,0,0,0,0,0,0,0,0,0,0,0,1,0,0,0,0,0,2010,55,7.5,0.716168426928431
"419",1,0,0,0,0,0,0,0,0,0,0,0,0,0,0,0,0,1,0,2010,56.2,7.3,0.805739258886117
"420",1,0,0,0,0,0,0,0,0,0,0,0,0,0,0,0,0,0,1,2010,59.1,9.8,0.86635341608776
"421",1,0,0,0,0,0,0,0,0,0,0,0,0,0,0,0,1,0,0,2010,55.7,7,0.904916933570682
"422",1,0,0,0,0,0,0,0,0,0,0,0,1,0,0,0,0,0,0,2010,55.3,12.8,0.966329250070626
"423",1,0,0,0,0,0,0,0,0,0,0,0,0,0,1,0,0,0,0,2010,45.6,15.1,0.922580249897039
"424",1,0,0,0,0,0,0,0,0,0,0,0,0,0,0,1,0,0,0,2010,51.8,14.6,0.765092698799528
"425",1,0,0,0,0,0,0,0,0,0,0,0,0,1,0,0,0,0,0,2010,47.9,4.6,0.750737744255465
"426",1,0,0,0,0,0,0,0,0,0,0,0,0,0,0,0,0,1,0,2010,43.6,5.2,0.837829006708622
"427",1,0,0,0,0,0,0,0,0,0,0,0,0,0,0,0,0,0,1,2010,44.8,5.6,0.857614507779075
"428",1,0,0,0,0,0,0,0,0,0,0,0,0,0,0,0,1,0,0,2010,48.4,10.9,0.914947532513504
"429",1,0,0,0,0,0,0,0,0,0,0,0,1,0,0,0,0,0,0,2010,40.8,5.6,0.981385359478014
"430",1,0,0,0,0,0,0,0,0,0,0,0,0,0,1,0,0,0,0,2010,40,7.9,0.917685780511298
"431",1,0,0,0,0,0,0,0,0,0,0,0,0,0,0,1,0,0,0,2010,41.4,4.3,0.784689296496608
"432",1,0,0,0,0,0,0,0,0,0,0,0,0,1,0,0,0,0,0,2010,45.6,6,0.768598473116157
"433",1,0,0,0,0,0,0,0,0,0,0,0,0,0,0,0,0,1,0,2010,51,7.3,0.843553970204322
"434",1,0,0,0,0,0,0,0,0,0,0,0,0,0,0,0,0,0,1,2010,52.4,5.5,0.882605913526503
"435",1,0,0,0,0,0,0,0,0,0,0,0,0,0,0,0,1,0,0,2010,54.4,9.1,0.901029948842924
"436",1,0,0,0,0,0,0,0,0,0,0,0,1,0,0,0,0,0,0,2010,50.2,7.7,0.939050581856427
"437",1,0,0,0,0,0,0,0,0,0,0,0,0,0,1,0,0,0,0,2010,49.2,7.1,0.908060217630301
"438",1,0,0,0,0,0,0,0,0,0,0,0,0,0,0,1,0,0,0,2010,49.9,9.7,0.823690184853013
"439",1,0,0,0,0,0,0,0,0,0,0,0,0,1,0,0,0,0,0,2010,48.1,9.4,0.830233729633323
"440",1,0,0,0,0,0,0,0,0,0,0,0,0,0,0,0,0,1,0,2010,46.9,7.9,0.864280584477248
"441",1,0,0,0,0,0,0,0,0,0,0,0,0,0,0,0,0,0,1,2010,41.7,12.8,0.89530158168284
"442",1,0,0,0,0,0,0,0,0,0,0,0,0,0,0,0,1,0,0,2010,48.9,14.9,0.907299498640236
"443",1,0,0,0,0,0,0,0,0,0,0,0,1,0,0,0,0,0,0,2010,52.9,10,0.940696253586611
"444",0,0,0,0,0,0,0,0,1,0,0,0,0,0,1,0,0,0,0,2010,60.1,4.2,0.926514885926188
"445",0,0,0,0,0,0,0,0,1,0,0,0,0,0,0,1,0,0,0,2010,60.9,8.5,0.78566955183951
"446",0,0,0,0,0,0,0,0,1,0,0,0,0,1,0,0,0,0,0,2010,60.6,13.6,0.797660661468137
"447",0,0,0,0,0,0,0,0,1,0,0,0,0,0,0,0,0,1,0,2010,63.9,8.6,0.845420880119537
"448",0,0,0,0,0,0,0,0,1,0,0,0,0,0,0,0,0,0,1,2010,61.9,11.6,0.898706947900109
"449",0,0,0,0,0,0,0,0,1,0,0,0,0,0,0,0,1,0,0,2010,57.9,13.4,0.940041048192484
"450",0,0,0,0,0,0,0,0,1,0,0,0,1,0,0,0,0,0,0,2010,57.8,10.8,0.928674510978519
"451",0,0,0,0,0,0,0,0,1,0,0,0,0,0,1,0,0,0,0,2010,54.3,10.2,0.924617343031508
"452",0,0,0,0,0,0,0,0,1,0,0,0,0,0,0,1,0,0,0,2010,49,14.8,0.796595314515607
"453",0,0,0,0,0,0,0,0,1,0,0,0,0,1,0,0,0,0,0,2010,44.8,9.2,0.807104128304533
"454",0,0,0,0,0,0,0,0,1,0,0,0,0,0,0,0,0,1,0,2010,42.8,5.8,0.871734609480567
"455",0,0,0,0,0,0,0,0,1,0,0,0,0,0,0,0,0,0,1,2010,46.6,5.8,0.921332806899908
"456",0,0,0,0,0,0,0,0,1,0,0,0,0,0,0,0,1,0,0,2010,46.7,6,0.912532632632292
"457",0,0,0,0,0,0,0,0,1,0,0,0,1,0,0,0,0,0,0,2010,53.1,9.7,0.971104591202889
"458",0,0,0,0,0,0,0,0,1,0,0,0,0,0,1,0,0,0,0,2010,60.6,10.2,0.936281700879167
"459",0,0,0,0,0,0,0,0,1,0,0,0,0,0,0,1,0,0,0,2010,58.6,5.5,0.805468667567503
"460",0,0,0,0,0,0,0,0,1,0,0,0,0,1,0,0,0,0,0,2010,56.5,6.8,0.820672836375642
"461",0,0,0,0,0,0,0,0,1,0,0,0,0,0,0,0,0,1,0,2010,51.4,5.1,0.895339021991076
"462",0,0,0,0,0,0,0,0,1,0,0,0,0,0,0,0,0,0,1,2010,52.4,9.6,0.890842781338389
"463",0,0,0,0,0,0,0,0,1,0,0,0,0,0,0,0,1,0,0,2010,59.7,7.6,0.917353923233753
"464",0,0,0,0,0,0,0,0,1,0,0,0,1,0,0,0,0,0,0,2010,61.7,7,0.954989942171742
"465",0,0,0,0,0,0,0,0,1,0,0,0,0,0,1,0,0,0,0,2010,62,9.3,0.906943815711996
"466",0,0,0,0,0,0,0,0,1,0,0,0,0,0,0,1,0,0,0,2010,64.7,7.2,0.757832682666158
"467",0,0,0,0,0,0,0,0,1,0,0,0,0,1,0,0,0,0,0,2010,63.4,5.8,0.795863526672816
"468",0,0,0,0,0,0,0,0,1,0,0,0,0,0,0,0,0,1,0,2010,65.4,7.6,0.857633227933193
"469",0,0,0,0,0,0,0,0,1,0,0,0,0,0,0,0,0,0,1,2010,76.9,7.5,0.894084771665175
"470",0,0,0,0,0,0,0,0,1,0,0,0,0,0,0,0,1,0,0,2010,61.6,8.4,0.905063291139241
"471",0,0,0,0,0,0,0,0,1,0,0,0,1,0,0,0,0,0,0,2010,59.4,6,0.84999540505308
"472",0,0,0,0,0,0,0,0,1,0,0,0,0,0,1,0,0,0,0,2010,60.1,10.1,0.697259369437136
"473",0,0,0,0,0,0,1,0,0,0,0,0,0,0,0,0,0,1,0,2010,65.3,13,0.738052287092284
"474",0,0,0,0,0,0,1,0,0,0,0,0,0,0,0,0,0,0,1,2010,63.3,7.1,0.806733128886559
"475",0,0,0,0,0,0,1,0,0,0,0,0,0,0,0,0,1,0,0,2010,62.1,9.3,0.86237793608599
"476",0,0,0,0,0,0,1,0,0,0,0,0,1,0,0,0,0,0,0,2010,66.7,6.2,0.879120561196184
"477",0,0,0,0,0,0,1,0,0,0,0,0,0,0,1,0,0,0,0,2010,65.4,7.8,0.846077787345857
"478",0,0,0,0,0,0,1,0,0,0,0,0,0,0,0,1,0,0,0,2010,70.2,11.5,0.762368065459273
"479",0,0,0,0,0,0,1,0,0,0,0,0,0,1,0,0,0,0,0,2010,63,8.6,0.792464967784317
"480",0,0,0,0,0,0,1,0,0,0,0,0,0,0,0,0,0,1,0,2010,59.7,6.3,0.859176789731825
"481",0,0,0,0,0,0,1,0,0,0,0,0,0,0,0,0,0,0,1,2010,58.1,4.9,0.906651100574879
"482",0,0,0,0,0,0,1,0,0,0,0,0,0,0,0,0,1,0,0,2010,55.2,8.7,0.898135132283416
"483",0,0,0,0,0,0,1,0,0,0,0,0,1,0,0,0,0,0,0,2010,58.8,6,0.920589106231769
"484",0,0,0,0,0,0,1,0,0,0,0,0,0,0,1,0,0,0,0,2010,59.8,7.6,0.865136606070095
"485",0,0,0,0,0,0,1,0,0,0,0,0,0,0,0,1,0,0,0,2010,61.9,6.6,0.699262425927754
"486",0,0,0,0,0,0,1,0,0,0,0,0,0,1,0,0,0,0,0,2010,60.5,5.7,0.770378589589552
"487",0,0,0,0,0,0,1,0,0,0,0,0,0,0,0,0,0,1,0,2010,63.8,7,0.840928043131235
"488",0,0,0,0,0,0,1,0,0,0,0,0,0,0,0,0,0,0,1,2010,62.7,7.1,0.878684892154894
"489",0,0,0,0,0,0,1,0,0,0,0,0,0,0,0,0,1,0,0,2010,66.4,10.1,0.906404334906961
"490",0,0,0,0,0,0,1,0,0,0,0,0,1,0,0,0,0,0,0,2010,67,5.3,0.919304222926403
"491",0,0,0,0,0,0,1,0,0,0,0,0,0,0,1,0,0,0,0,2010,68.4,7.3,0.841310955374556
"492",0,0,0,0,0,0,1,0,0,0,0,0,0,0,0,1,0,0,0,2010,68.7,11.1,0.733583275754678
"493",0,0,0,0,0,0,1,0,0,0,0,0,0,1,0,0,0,0,0,2010,72.5,5.4,0.777883669558647
"494",0,0,0,0,0,0,1,0,0,0,0,0,0,0,0,0,0,1,0,2010,70.8,5.4,0.853043386509917
"495",0,0,0,0,0,0,1,0,0,0,0,0,0,0,0,0,0,0,1,2010,72.6,8.4,0.89231826984932
"496",0,0,0,0,0,0,1,0,0,0,0,0,0,0,0,0,1,0,0,2010,72.9,9,0.929607115020031
"497",0,0,0,0,0,0,1,0,0,0,0,0,1,0,0,0,0,0,0,2010,70.9,6.3,0.921322595906753
"498",0,0,0,0,0,0,1,0,0,0,0,0,0,0,1,0,0,0,0,2010,69.9,7.9,0.876559303746413
"499",0,0,0,0,0,0,1,0,0,0,0,0,0,0,0,1,0,0,0,2010,70.7,5,0.753486203246415
"500",0,0,0,0,0,0,1,0,0,0,0,0,0,1,0,0,0,0,0,2010,76.1,14,0.811052378991222
"501",0,0,0,0,0,0,1,0,0,0,0,0,0,0,0,0,0,1,0,2010,76.2,9.4,0.844903523133005
"502",0,0,0,0,0,0,1,0,0,0,0,0,0,0,0,0,0,0,1,2010,68.7,8.3,0.842963434433511
"503",0,0,0,0,0,1,0,0,0,0,0,0,0,0,0,0,1,0,0,2010,64,8.6,0.839345339192174
"504",0,0,0,0,0,1,0,0,0,0,0,0,1,0,0,0,0,0,0,2010,64.1,7.3,0.759085231159867
"505",0,0,0,0,0,1,0,0,0,0,0,0,0,0,0,0,0,1,0,2010,80.1,4.9,0.775300288290373
"506",0,0,0,0,0,1,0,0,0,0,0,0,0,0,0,0,0,0,1,2010,78.3,4.2,0.838858615185108
"507",0,0,0,0,0,1,0,0,0,0,0,0,0,0,0,0,1,0,0,2010,74.3,8.4,0.863764929322909
"508",0,0,0,0,0,1,0,0,0,0,0,0,1,0,0,0,0,0,0,2010,75.7,7.6,0.865036197970735
"509",0,0,0,0,0,1,0,0,0,0,0,0,0,0,1,0,0,0,0,2010,75.7,7.6,0.788247827611206
"510",0,0,0,0,0,1,0,0,0,0,0,0,0,0,0,1,0,0,0,2010,71.9,5.4,0.748753407918966
"511",0,0,0,0,0,1,0,0,0,0,0,0,0,1,0,0,0,0,0,2010,75.8,6.9,0.781610682060306
"512",0,0,0,0,0,1,0,0,0,0,0,0,0,0,0,0,0,1,0,2010,76.4,8.4,0.889848911337946
"513",0,0,0,0,0,1,0,0,0,0,0,0,0,0,0,0,0,0,1,2010,73.6,7.9,0.933473677761478
"514",0,0,0,0,0,1,0,0,0,0,0,0,0,0,0,0,1,0,0,2010,70.3,8.6,0.946092763469151
"515",0,0,0,0,0,1,0,0,0,0,0,0,1,0,0,0,0,0,0,2010,72.5,8.4,0.972658363994677
"516",0,0,0,0,0,1,0,0,0,0,0,0,0,0,1,0,0,0,0,2010,78.2,10.2,0.888366615498245
"517",0,0,0,0,0,1,0,0,0,0,0,0,0,0,0,1,0,0,0,2010,77.9,10.8,0.733549239110827
"518",0,0,0,0,0,1,0,0,0,0,0,0,0,1,0,0,0,0,0,2010,72.4,4.6,0.739158478017434
"519",0,0,0,0,0,1,0,0,0,0,0,0,0,0,0,0,0,1,0,2010,74.2,6.5,0.792034404239604
"520",0,0,0,0,0,1,0,0,0,0,0,0,0,0,0,0,0,0,1,2010,74.3,5.6,0.831712621808639
"521",0,0,0,0,0,1,0,0,0,0,0,0,0,0,0,0,1,0,0,2010,75.5,11.5,0.842948117943778
"522",0,0,0,0,0,1,0,0,0,0,0,0,1,0,0,0,0,0,0,2010,70.5,6.1,0.862680862216262
"523",0,0,0,0,0,1,0,0,0,0,0,0,0,0,1,0,0,0,0,2010,74.5,4.9,0.810848159128117
"524",0,0,0,0,0,1,0,0,0,0,0,0,0,0,0,1,0,0,0,2010,77.2,8.4,0.724652060408235
"525",0,0,0,0,0,1,0,0,0,0,0,0,0,1,0,0,0,0,0,2010,73,9.4,0.814433919557796
"526",0,0,0,0,0,1,0,0,0,0,0,0,0,0,0,0,0,1,0,2010,72.1,7.6,0.826365465059683
"527",0,0,0,0,0,1,0,0,0,0,0,0,0,0,0,0,0,0,1,2010,75.8,10.9,0.843850089005824
"528",0,0,0,0,0,1,0,0,0,0,0,0,0,0,0,0,1,0,0,2010,75.7,14.7,0.894387697795447
"529",0,0,0,0,0,1,0,0,0,0,0,0,1,0,0,0,0,0,0,2010,69.7,6.6,0.882810133389607
"530",0,0,0,0,0,1,0,0,0,0,0,0,0,0,1,0,0,0,0,2010,66.5,5.3,0.79958713551009
"531",0,1,0,0,0,0,0,0,0,0,0,0,0,0,0,1,0,0,0,2010,64.9,5,0.669029377027308
"532",0,1,0,0,0,0,0,0,0,0,0,0,1,0,0,0,0,0,0,2010,78.1,6.8,0.754383068811883
"533",0,1,0,0,0,0,0,0,0,0,0,0,0,0,1,0,0,0,0,2010,67.4,6.8,0.734475035823568
"534",0,1,0,0,0,0,0,0,0,0,0,0,0,1,0,0,0,0,0,2010,74.7,9,0.679138260250986
"535",0,1,0,0,0,0,0,0,0,0,0,0,0,0,0,0,0,1,0,2010,75.8,7.1,0.748392619494147
"536",0,1,0,0,0,0,0,0,0,0,0,0,0,0,0,0,0,0,1,2010,72,7.1,0.784003458123015
"537",0,1,0,0,0,0,0,0,0,0,0,0,0,0,0,0,1,0,0,2010,68.1,5.1,0.796983332255506
"538",0,1,0,0,0,0,0,0,0,0,0,0,1,0,0,0,0,0,0,2010,67.2,7.5,0.790914598656914
"539",0,1,0,0,0,0,0,0,0,0,0,0,0,0,1,0,0,0,0,2010,64.4,5,0.71864118910419
"540",0,1,0,0,0,0,0,0,0,0,0,0,0,0,0,1,0,0,0,2010,65,5,0.664783305706924
"541",0,1,0,0,0,0,0,0,0,0,0,0,0,1,0,0,0,0,0,2010,71.1,8.8,0.681837366108352
"542",0,1,0,0,0,0,0,0,0,0,0,0,0,0,0,0,0,1,0,2010,76,10.5,0.748317738877676
"543",0,1,0,0,0,0,0,0,0,0,0,0,0,0,0,0,0,0,1,2010,72.6,4.1,0.762335730647615
"544",0,1,0,0,0,0,0,0,0,0,0,0,0,0,0,0,1,0,0,2010,71.4,3.6,0.802982290734204
"545",0,1,0,0,0,0,0,0,0,0,0,0,1,0,0,0,0,0,0,2010,71.8,6.5,0.781494957471214
"546",0,1,0,0,0,0,0,0,0,0,0,0,0,0,1,0,0,0,0,2010,66.1,4.6,0.703950973618197
"547",0,1,0,0,0,0,0,0,0,0,0,0,0,1,0,0,0,0,0,2010,64,16.9,0.658302728717738
"548",0,1,0,0,0,0,0,0,0,0,0,0,0,0,0,0,0,1,0,2010,60,17.5,0.69984955803418
"549",0,1,0,0,0,0,0,0,0,0,0,0,0,0,0,0,0,0,1,2010,65.8,10.6,0.765996371693766
"550",0,1,0,0,0,0,0,0,0,0,0,0,0,0,0,0,1,0,0,2010,69.2,8.2,0.763436816076188
"551",0,1,0,0,0,0,0,0,0,0,0,0,1,0,0,0,0,0,0,2010,66.5,6.5,0.765177790409154
"552",0,1,0,0,0,0,0,0,0,0,0,0,0,0,1,0,0,0,0,2010,64.6,4.9,0.707541839544454
"553",0,1,0,0,0,0,0,0,0,0,0,0,0,0,0,0,0,1,0,2010,76.8,5.2,0.723416530236453
"554",0,0,0,0,0,0,0,0,0,0,0,1,0,0,0,0,0,0,1,2010,78.5,4.5,0.766556274485111
"555",0,0,0,0,0,0,0,0,0,0,0,1,0,0,0,0,1,0,0,2010,76.2,9.2,0.783200193328137
"556",0,0,0,0,0,0,0,0,0,0,0,1,1,0,0,0,0,0,0,2010,73.9,8.3,0.752284709718483
"557",0,0,0,0,0,0,0,0,0,0,0,1,0,0,1,0,0,0,0,2010,73.8,16.8,0.674134873604923
"558",0,0,0,0,0,0,0,0,0,0,0,1,0,0,0,0,0,1,0,2010,68.1,9.8,0.723813057137314
"559",0,0,0,0,0,0,0,0,0,0,0,1,0,0,0,0,0,0,1,2010,71.2,13.3,0.782703258327916
"560",0,0,0,0,0,0,0,0,0,0,0,1,0,0,0,0,1,0,0,2010,64.9,8.6,0.794282524565948
"561",0,0,0,0,0,0,0,0,0,0,0,1,1,0,0,0,0,0,0,2010,61.9,6.5,0.758370461639001
"562",0,0,0,0,0,0,0,0,0,0,0,1,0,0,1,0,0,0,0,2010,60.1,7,0.829210928485608
"563",0,0,0,0,0,0,0,0,0,0,0,1,0,0,0,1,0,0,0,2010,56.7,5.8,0.760337779653575
"564",0,0,0,0,0,0,0,0,0,0,0,1,0,1,0,0,0,0,0,2010,58.7,4,0.754338821174877
"565",0,0,0,0,0,0,0,0,0,0,0,1,0,0,0,0,0,1,0,2010,61.9,5.4,0.814650052246248
"566",0,0,0,0,0,0,0,0,0,0,0,1,0,0,0,0,0,0,1,2010,59.4,7.2,0.851089683152882
"567",0,0,0,0,0,0,0,0,0,0,0,1,0,0,0,0,1,0,0,2010,56.1,5.7,0.81703091548361
"568",0,0,0,0,0,0,0,0,0,0,0,1,1,0,0,0,0,0,0,2010,64.3,11.4,0.872034131946454
"569",0,0,0,0,0,0,0,0,0,0,0,1,0,0,1,0,0,0,0,2010,57.7,4.9,0.829578524239196
"570",0,0,0,0,0,0,0,0,0,0,0,1,0,1,0,0,0,0,0,2010,65.8,3.2,0.733894711045912
"571",0,0,0,0,0,0,0,0,0,0,0,1,0,0,0,0,0,1,0,2010,71.4,5.8,0.787034421257926
"572",0,0,0,0,0,0,0,0,0,0,0,1,0,0,0,0,0,0,1,2010,70.6,4,0.81584473844541
"573",0,0,0,0,0,0,0,0,0,0,0,1,0,0,0,0,1,0,0,2010,71.8,5.8,0.845237082242743
"574",0,0,0,0,0,0,0,0,0,0,1,0,0,1,0,0,0,0,0,2010,53.8,8.8,0.744514143927352
"575",0,0,0,0,0,0,0,0,0,0,1,0,0,0,0,0,0,1,0,2010,56.3,7.8,0.778281898291701
"576",0,0,0,0,0,0,0,0,0,0,1,0,0,0,0,0,0,0,1,2010,58.7,4.1,0.813731062862277
"577",0,0,0,0,0,0,0,0,0,0,1,0,0,0,0,0,1,0,0,2010,60,6.8,0.851050541012454
"578",0,0,0,0,0,0,0,0,0,0,1,0,1,0,0,0,0,0,0,2010,63.2,5.6,0.858322469971171
"579",0,0,0,0,0,0,0,0,0,0,1,0,0,0,1,0,0,0,0,2010,65.3,5.2,0.880175697155558
"580",0,0,0,0,0,0,0,0,0,0,1,0,0,0,0,1,0,0,0,2010,58,3.5,0.765987862532803
"581",0,0,0,0,0,0,0,0,0,0,1,0,0,1,0,0,0,0,0,2010,65.4,2.5,0.694255635617306
"582",0,0,0,0,0,0,0,0,0,0,1,0,0,0,0,0,0,1,0,2010,62.8,3.1,0.781098430570352
"583",0,0,0,0,0,0,0,0,0,0,1,0,0,0,0,0,0,0,1,2010,56,4.3,0.809597312466601
"584",0,0,0,0,0,0,0,0,0,0,1,0,0,0,0,0,1,0,0,2010,55.8,3.1,0.82235424658187
"585",0,0,0,0,0,0,0,0,0,0,1,0,1,0,0,0,0,0,0,2010,53.2,7.8,0.883477251609082
"586",0,0,0,0,0,0,0,0,0,0,1,0,0,0,1,0,0,0,0,2010,54,10.5,0.898175976256037
"587",0,0,0,0,0,0,0,0,0,0,1,0,0,0,0,1,0,0,0,2010,56.9,4.5,0.781067797590886
"588",0,0,0,0,0,0,0,0,0,0,1,0,0,1,0,0,0,0,0,2010,55.4,5.6,0.744565198893128
"589",0,0,0,0,0,0,0,0,0,0,1,0,0,0,0,0,0,1,0,2010,53,1.7,0.78941698632748
"590",0,0,0,0,0,0,0,0,0,0,1,0,0,0,0,0,0,0,1,2010,54,2.9,0.841212249107389
"591",0,0,0,0,0,0,0,0,0,0,1,0,0,0,0,0,1,0,0,2010,53.8,6.4,0.876013015612609
"592",0,0,0,0,0,0,0,0,0,0,1,0,1,0,0,0,0,0,0,2010,49.3,6.7,0.896686873087566
"593",0,0,0,0,0,0,0,0,0,0,1,0,0,0,1,0,0,0,0,2010,52.8,5.2,0.885524555736706
"594",0,0,0,0,0,0,0,0,0,0,1,0,0,0,0,1,0,0,0,2010,60.4,2.8,0.764236677206681
"595",0,0,0,0,0,0,0,0,0,0,1,0,0,1,0,0,0,0,0,2010,61.9,3.2,0.733072726096916
"596",0,0,0,0,0,0,0,0,0,0,1,0,0,0,0,0,0,1,0,2010,67.1,5.4,0.790410856327923
"597",0,0,0,0,0,0,0,0,0,0,1,0,0,0,0,0,0,0,1,2010,69.4,5.3,0.818862086922781
"598",0,0,0,0,0,0,0,0,0,0,1,0,0,0,0,0,1,0,0,2010,68,5.7,0.854546104335928
"599",0,0,0,0,0,0,0,0,0,0,1,0,1,0,0,0,0,0,0,2010,54.8,7.5,0.902614354614178
"600",0,0,0,0,0,0,0,0,0,0,1,0,0,0,1,0,0,0,0,2010,49.1,6.7,0.917127579552146
"601",0,0,0,0,0,0,0,0,0,0,1,0,0,0,0,1,0,0,0,2010,51.6,7.3,0.810417595583405
"602",0,0,0,0,0,0,0,0,0,1,0,0,0,1,0,0,0,0,0,2010,42.6,5.5,0.799791355373195
"603",0,0,0,0,0,0,0,0,0,1,0,0,0,0,0,0,0,1,0,2010,42.2,3.7,0.795776733230997
"604",0,0,0,0,0,0,0,0,0,1,0,0,0,0,0,0,0,0,1,2010,46.4,2.5,0.833885861518511
"605",0,0,0,0,0,0,0,0,0,1,0,0,0,0,0,0,1,0,0,2010,48.4,6.2,0.856828261306122
"606",0,0,0,0,0,0,0,0,0,1,0,0,1,0,0,0,0,0,0,2010,48.1,4.3,0.882202579296871
"607",0,0,0,0,0,0,0,0,0,1,0,0,0,0,1,0,0,0,0,2010,45.7,4.8,0.907879823417892
"608",0,0,0,0,0,0,0,0,0,1,0,0,0,0,0,1,0,0,0,2010,43.3,4.8,0.788562666566826
"609",0,0,0,0,0,0,0,0,0,1,0,0,0,1,0,0,0,0,0,2010,42.5,9.3,0.765250969193434
"610",0,0,0,0,0,0,0,0,0,1,0,0,0,0,0,0,0,1,0,2010,46.1,7.6,0.788109979203611
"611",0,0,0,0,0,0,0,0,0,1,0,0,0,0,0,0,0,0,1,2010,50.7,6.4,0.826300795436367
"612",0,0,0,0,0,0,0,0,0,1,0,0,0,0,0,0,1,0,0,2010,47.7,6.4,0.831348429719436
"613",0,0,0,0,0,0,0,0,0,1,0,0,1,0,0,0,0,0,0,2010,52.1,4.8,0.879491560614157
"614",0,0,0,0,0,0,0,0,0,1,0,0,0,0,1,0,0,0,0,2010,54.7,3.7,0.892045976698514
"615",0,0,0,0,0,0,0,0,0,1,0,0,0,0,0,1,0,0,0,2010,53.2,2.3,0.782270992951011
"616",0,0,0,0,0,0,0,0,0,1,0,0,0,1,0,0,0,0,0,2010,52.9,4.6,0.744396717506067
"617",0,0,0,0,0,0,0,0,0,1,0,0,0,0,0,0,0,1,0,2010,53.7,3.9,0.768474239366102
"618",0,0,0,0,0,0,0,0,0,1,0,0,0,0,0,0,0,0,1,2010,58,8.7,0.801728040408304
"619",0,0,0,0,0,0,0,0,0,1,0,0,0,0,0,0,1,0,0,2010,50.8,7.1,0.857662159080466
"620",0,0,0,0,0,0,0,0,0,1,0,0,1,0,0,0,0,0,0,2010,44.6,5.7,0.907699429205483
"621",0,0,0,0,0,0,0,0,0,1,0,0,0,0,1,0,0,0,0,2010,46.6,6,0.904838649289825
"622",0,0,0,0,0,0,0,0,0,1,0,0,0,0,0,1,0,0,0,2010,44.2,5.7,0.775516420978826
"623",0,0,0,0,0,0,0,0,0,1,0,0,0,1,0,0,0,0,0,2010,53.4,4.6,0.72563401758333
"624",0,0,0,0,0,0,0,0,0,1,0,0,0,0,0,0,0,1,0,2010,57.2,5.9,0.781198838669712
"625",0,0,0,0,0,0,0,0,0,1,0,0,0,0,0,0,0,0,1,2010,47.4,9,0.782938111170486
"626",0,0,0,0,0,0,0,0,0,1,0,0,0,0,1,0,0,0,0,2010,38.6,8,0.714560195506482
"627",0,0,0,0,0,0,0,0,0,1,0,0,0,0,0,1,0,0,0,2010,40,5,0.662080796185173
"628",0,0,0,0,0,0,0,0,0,1,0,0,0,1,0,0,0,0,0,2010,41.4,2.5,0.713207238913414
"629",0,0,0,0,0,0,0,0,0,1,0,0,0,0,0,0,0,1,0,2010,49.2,4.6,0.761585222650706
"630",0,0,1,0,0,0,0,0,0,0,0,0,0,0,0,0,0,0,1,2010,56.3,10.3,0.830085670232572
"631",0,0,1,0,0,0,0,0,0,0,0,0,0,0,0,0,1,0,0,2010,38.6,7.4,0.863460301360445
"632",0,0,1,0,0,0,0,0,0,0,0,0,1,0,0,0,0,0,0,2010,36.6,4.8,0.910818887614406
"633",0,0,1,0,0,0,0,0,0,0,0,0,0,0,1,0,0,0,0,2010,35.1,7.1,0.926598275703623
"634",0,0,1,0,0,0,0,0,0,0,0,0,0,0,0,1,0,0,0,2010,32.8,8.2,0.811117048614538
"635",0,0,1,0,0,0,0,0,0,0,0,0,0,1,0,0,0,0,0,2010,32.4,9.2,0.7981252616567
"636",0,0,1,0,0,0,0,0,0,0,0,0,0,0,0,0,0,1,0,2010,32.7,8.9,0.84557744868125
"637",0,0,1,0,0,0,0,0,0,0,0,0,0,0,0,0,0,0,1,2010,31.2,8.9,0.866855456584559
"638",0,0,1,0,0,0,0,0,0,0,0,0,0,0,0,0,1,0,0,2010,27.3,7.4,0.902137841600267
"639",0,0,1,0,0,0,0,0,0,0,0,0,1,0,0,0,0,0,0,2010,27.3,4.2,0.920548262259148
"640",0,0,1,0,0,0,0,0,0,0,0,0,0,0,1,0,0,0,0,2010,39.2,3,0.904956075711111
"641",0,0,1,0,0,0,0,0,0,0,0,0,0,0,0,1,0,0,0,2010,47.2,7.9,0.787897250179543
"642",0,0,1,0,0,0,0,0,0,0,0,0,0,1,0,0,0,0,0,2010,42.4,5.7,0.798860453163876
"643",0,0,1,0,0,0,0,0,0,0,0,0,0,0,0,0,0,1,0,2010,21.5,10.3,0.865744160162831
"644",0,0,1,0,0,0,0,0,0,0,0,0,0,0,0,0,0,0,1,2010,22.8,9.1,0.889525563221364
"645",0,0,1,0,0,0,0,0,0,0,0,0,0,0,0,0,1,0,0,2010,26.3,5.9,0.903802233484569
"646",0,0,1,0,0,0,0,0,0,0,0,0,1,0,0,0,0,0,0,2010,28.4,5.7,0.935492050741829
"647",0,0,1,0,0,0,0,0,0,0,0,0,0,0,1,0,0,0,0,2010,31.7,3.8,0.912306288950684
"648",0,0,1,0,0,0,0,0,0,0,0,0,0,0,0,1,0,0,0,2010,32.7,3.6,0.809236524041783
"649",0,0,1,0,0,0,0,0,0,0,0,0,0,1,0,0,0,0,0,2010,30.4,6.8,0.789968379957863
"650",0,0,1,0,0,0,0,0,0,0,0,0,0,0,0,0,0,1,0,2010,32,9,0.830174165506584
"651",0,0,1,0,0,0,0,0,0,0,0,0,0,0,0,0,0,0,1,2010,31.9,7.5,0.825597938740848
"652",0,0,1,0,0,0,0,0,0,0,0,0,0,0,0,0,1,0,0,2010,32.5,10.8,0.782623272214866
"653",0,0,1,0,0,0,0,0,0,0,0,0,1,0,0,0,0,0,0,2010,39.9,5,0.733025074795525
"654",0,0,0,0,1,0,0,0,0,0,0,0,0,0,0,0,0,1,0,2011,33.9,5.6,0.686481271588946
"655",0,0,0,0,1,0,0,0,0,0,0,0,0,0,0,0,0,0,1,2011,35.6,5.6,0.740551462651123
"656",0,0,0,0,1,0,0,0,0,0,0,0,0,0,0,0,1,0,0,2011,30.1,2.3,0.803496734671848
"657",0,0,0,0,1,0,0,0,0,0,0,0,1,0,0,0,0,0,0,2011,31.4,4.1,0.821371707685665
"658",0,0,0,0,1,0,0,0,0,0,0,0,0,0,1,0,0,0,0,2011,26.9,3,0.843776986183074
"659",0,0,0,0,1,0,0,0,0,0,0,0,0,0,0,1,0,0,0,2011,28,9.1,0.760870371869603
"660",0,0,0,0,1,0,0,0,0,0,0,0,0,1,0,0,0,0,0,2011,28.4,8.2,0.758895320595855
"661",0,0,0,0,1,0,0,0,0,0,0,0,0,0,0,0,0,1,0,2011,27.2,4.8,0.795773626403282
"662",0,0,0,0,1,0,0,0,0,0,0,0,0,0,0,0,1,0,0,2011,25.6,9.7,0.824031533354922
"663",0,0,0,0,1,0,0,0,0,0,0,0,1,0,0,0,0,0,0,2011,22,5.5,0.86502185880829
"664",0,0,0,0,1,0,0,0,0,0,0,0,0,0,1,0,0,0,0,2011,28.4,4.5,0.818867052569085
"665",0,0,0,0,1,0,0,0,0,0,0,0,0,0,0,1,0,0,0,2011,33.4,6.4,0.753418812068221
"666",0,0,0,0,1,0,0,0,0,0,0,0,0,0,0,0,0,1,0,2011,31.3,9,0.745859307534542
"667",0,0,0,0,1,0,0,0,0,0,0,0,0,0,0,0,0,0,1,2011,37.5,4.2,0.804921942465458
"668",0,0,0,0,1,0,0,0,0,0,0,0,0,0,0,0,1,0,0,2011,32.6,6.4,0.846630775043178
"669",0,0,0,0,1,0,0,0,0,0,0,0,1,0,0,0,0,0,0,2011,28.8,6.9,0.8510581957038
"670",0,0,0,0,1,0,0,0,0,0,0,0,0,0,1,0,0,0,0,2011,18.7,5.7,0.913102803864421
"671",0,0,0,0,1,0,0,0,0,0,0,0,0,0,0,1,0,0,0,2011,19.4,7.3,0.791848823402418
"672",0,0,0,0,1,0,0,0,0,0,0,0,0,1,0,0,0,0,0,2011,12.6,6,0.747289575237478
"673",0,0,0,0,1,0,0,0,0,0,0,0,0,0,0,0,0,1,0,2011,28.6,3.9,0.761315643890328
"674",0,0,0,0,1,0,0,0,0,0,0,0,0,0,0,0,0,0,1,2011,32.1,6.6,0.692566655872193
"675",0,0,0,0,1,0,0,0,0,0,0,0,1,0,0,0,0,0,0,2011,31.6,3.1,0.760666288860104
"676",0,0,0,0,1,0,0,0,0,0,0,0,0,0,1,0,0,0,0,2011,31.8,3.9,0.856839985427461
"677",0,0,0,0,1,0,0,0,0,0,0,0,0,0,0,1,0,0,0,2011,32.5,4.5,0.747524017702936
"678",0,0,0,0,1,0,0,0,0,0,0,0,0,1,0,0,0,0,0,2011,27.3,5,0.716435934801382
"679",0,0,0,1,0,0,0,0,0,0,0,0,0,0,0,0,0,1,0,2011,26.8,7.2,0.759927542098446
"680",0,0,0,1,0,0,0,0,0,0,0,0,0,0,0,0,0,0,1,2011,30.8,6.3,0.750436838838515
"681",0,0,0,1,0,0,0,0,0,0,0,0,0,0,0,0,1,0,0,2011,30.5,9.2,0.839199454879102
"682",0,0,0,1,0,0,0,0,0,0,0,0,1,0,0,0,0,0,0,2011,28.3,5.4,0.882965983916235
"683",0,0,0,1,0,0,0,0,0,0,0,0,0,0,1,0,0,0,0,2011,33.4,4,0.916725698942142
"684",0,0,0,1,0,0,0,0,0,0,0,0,0,0,0,1,0,0,0,2011,40,7.6,0.760700021588946
"685",0,0,0,1,0,0,0,0,0,0,0,0,0,1,0,0,0,0,0,2011,39.4,3.8,0.746466496653713
"686",0,0,0,1,0,0,0,0,0,0,0,0,0,0,0,0,0,1,0,2011,36.3,9,0.835257785513817
"687",0,0,0,1,0,0,0,0,0,0,0,0,0,0,0,0,0,0,1,2011,21.5,8.9,0.881663900582902
"688",0,0,0,1,0,0,0,0,0,0,0,0,0,0,0,0,1,0,0,2011,26.3,6.5,0.913033651770294
"689",0,0,0,1,0,0,0,0,0,0,0,0,1,0,0,0,0,0,0,2011,26.5,5.8,0.958335019969775
"690",0,0,0,1,0,0,0,0,0,0,0,0,0,0,1,0,0,0,0,2011,34.2,6.7,1
"691",0,0,0,1,0,0,0,0,0,0,0,0,0,0,0,1,0,0,0,2011,35.4,6.5,0.833281047603627
"692",0,0,0,1,0,0,0,0,0,0,0,0,0,1,0,0,0,0,0,2011,48,10.2,0.842358524935233
"693",0,0,0,1,0,0,0,0,0,0,0,0,0,0,0,0,0,1,0,2011,32.9,12.1,0.901399233592401
"694",0,0,0,1,0,0,0,0,0,0,0,0,0,0,0,0,0,0,1,2011,34.7,4,0.873841280764249
"695",0,0,0,1,0,0,0,0,0,0,0,0,0,0,0,0,1,0,0,2011,51.1,4.3,0.877180820919689
"696",0,0,0,1,0,0,0,0,0,0,0,0,1,0,0,0,0,0,0,2011,57,4.2,0.905496073510363
"697",0,0,0,1,0,0,0,0,0,0,0,0,0,0,1,0,0,0,0,2011,44.3,13.2,0.967759944408463
"698",0,0,0,1,0,0,0,0,0,0,0,0,0,0,0,1,0,0,0,2011,28,9.8,0.812823834196891
"699",0,0,0,1,0,0,0,0,0,0,0,0,0,1,0,0,0,0,0,2011,32.1,6,0.702907423898964
"700",0,0,0,1,0,0,0,0,0,0,0,0,0,0,0,0,0,1,0,2011,25.1,7.2,0.817657734240069
"701",0,0,0,1,0,0,0,0,0,0,0,0,0,0,0,0,0,0,1,2011,29.3,3.7,0.854124500755613
"702",0,0,0,1,0,0,0,0,0,0,0,0,0,0,0,0,1,0,0,2011,36.5,3.3,0.888498151446459
"703",0,0,0,1,0,0,0,0,0,0,0,0,1,0,0,0,0,0,0,2011,44.6,3.8,0.954491175518135
"704",0,0,0,1,0,0,0,0,0,0,0,0,0,0,1,0,0,0,0,2011,35.5,4.4,0.932558155224525
"705",0,0,0,1,0,0,0,0,0,0,0,0,0,0,0,1,0,0,0,2011,42.4,6.2,0.779173750539724
"706",0,0,0,1,0,0,0,0,0,0,0,0,0,1,0,0,0,0,0,2011,47.3,6.4,0.76669601414076
"707",0,0,0,0,0,0,0,1,0,0,0,0,0,0,0,0,0,1,0,2011,39.6,7.2,0.841606285082038
"708",0,0,0,0,0,0,0,1,0,0,0,0,0,0,0,0,0,0,1,2011,42,8.4,0.896793029468912
"709",0,0,0,0,0,0,0,1,0,0,0,0,0,0,0,0,1,0,0,2011,26.6,5.8,0.93719303216753
"710",0,0,0,0,0,0,0,1,0,0,0,0,1,0,0,0,0,0,0,2011,32.9,6.4,0.971607162132988
"711",0,0,0,0,0,0,0,1,0,0,0,0,0,0,1,0,0,0,0,2011,48,7.6,0.948483376511226
"712",0,0,0,0,0,0,0,1,0,0,0,0,0,0,0,1,0,0,0,2011,51.8,6.3,0.846877023963731
"713",0,0,0,0,0,0,0,1,0,0,0,0,0,1,0,0,0,0,0,2011,44.1,9.6,0.808256422711572
"714",0,0,0,0,0,0,0,1,0,0,0,0,0,0,0,0,0,1,0,2011,37.5,5.1,0.862220355677893
"715",0,0,0,0,0,0,0,1,0,0,0,0,0,0,0,0,0,0,1,2011,38,7.3,0.907236682318653
"716",0,0,0,0,0,0,0,1,0,0,0,0,0,0,0,0,1,0,0,2011,43.1,9.6,0.913150029684801
"717",0,0,0,0,0,0,0,1,0,0,0,0,1,0,0,0,0,0,0,2011,50.9,8,0.940095733484456
"718",0,0,0,0,0,0,0,1,0,0,0,0,0,0,1,0,0,0,0,2011,45.5,7.3,0.953000188903282
"719",0,0,0,0,0,0,0,1,0,0,0,0,0,0,0,1,0,0,0,2011,48.7,8.3,0.782862424438687
"720",0,0,0,0,0,0,0,1,0,0,0,0,0,1,0,0,0,0,0,2011,41.7,4.8,0.775574468372193
"721",0,0,0,0,0,0,0,1,0,0,0,0,0,0,0,0,0,1,0,2011,39.7,4.3,0.855418150906736
"722",0,0,0,0,0,0,0,1,0,0,0,0,0,0,0,0,0,0,1,2011,43,3.9,0.87724491310449
"723",0,0,0,0,0,0,0,1,0,0,0,0,0,0,0,0,1,0,0,2011,53.2,3.3,0.867212799546632
"724",0,0,0,0,0,0,0,1,0,0,0,0,1,0,0,0,0,0,0,2011,61.3,7.9,0.96846664507772
"725",0,0,0,0,0,0,0,1,0,0,0,0,0,0,1,0,0,0,0,2011,51.5,7.4,0.959686015759931
"726",0,0,0,0,0,0,0,1,0,0,0,0,0,0,0,1,0,0,0,2011,40.7,5.3,0.818570204555268
"727",0,0,0,0,0,0,0,1,0,0,0,0,0,1,0,0,0,0,0,2011,40.8,5.4,0.76910621761658
"728",0,0,0,0,0,0,0,1,0,0,0,0,0,0,0,0,0,1,0,2011,45.1,6.3,0.815952544797064
"729",0,0,0,0,0,0,0,1,0,0,0,0,0,0,0,0,0,0,1,2011,36.5,5.5,0.880898167638169
"730",0,0,0,0,0,0,0,1,0,0,0,0,0,0,0,0,1,0,0,2011,35.1,6.1,0.892603424546632
"731",0,0,0,0,0,0,0,1,0,0,0,0,1,0,0,0,0,0,0,2011,35.1,6.4,0.940638830418826
"732",0,0,0,0,0,0,0,1,0,0,0,0,0,0,1,0,0,0,0,2011,32,7.3,0.942654360967185
"733",0,0,0,0,0,0,0,1,0,0,0,0,0,0,0,1,0,0,0,2011,34,7,0.78620365123057
"734",0,0,0,0,0,0,0,1,0,0,0,0,0,1,0,0,0,0,0,2011,34.9,8.2,0.747481851791883
"735",0,0,0,0,0,0,0,1,0,0,0,0,0,0,0,0,0,1,0,2011,38.9,7.8,0.827855138169257
"736",0,0,0,0,0,0,0,1,0,0,0,0,0,0,0,0,0,0,1,2011,43,4.2,0.851500094451641
"737",0,0,0,0,0,0,0,1,0,0,0,0,0,0,0,0,1,0,0,2011,41,7.9,0.911642176705527
"738",1,0,0,0,0,0,0,0,0,0,0,0,0,1,0,0,0,0,0,2011,51.6,5.3,0.773722541558722
"739",1,0,0,0,0,0,0,0,0,0,0,0,0,0,0,0,0,1,0,2011,53.8,7.8,0.886258298251295
"740",1,0,0,0,0,0,0,0,0,0,0,0,0,0,0,0,0,0,1,2011,44.7,7.1,0.869909731217617
"741",1,0,0,0,0,0,0,0,0,0,0,0,0,0,0,0,1,0,0,2011,44.5,5.3,0.913269780872193
"742",1,0,0,0,0,0,0,0,0,0,0,0,1,0,0,0,0,0,0,2011,45.8,4.1,0.952625755613126
"743",1,0,0,0,0,0,0,0,0,0,0,0,0,0,1,0,0,0,0,2011,47.2,4.7,0.924927811960276
"744",1,0,0,0,0,0,0,0,0,0,0,0,0,0,0,1,0,0,0,2011,50.1,3.2,0.800971839917962
"745",1,0,0,0,0,0,0,0,0,0,0,0,0,1,0,0,0,0,0,2011,60.6,5.6,0.788903956174439
"746",1,0,0,0,0,0,0,0,0,0,0,0,0,0,0,0,0,1,0,2011,61.2,8.2,0.884396251619171
"747",1,0,0,0,0,0,0,0,0,0,0,0,0,0,0,0,0,0,1,2011,46.3,11.2,0.897007232297064
"748",1,0,0,0,0,0,0,0,0,0,0,0,0,0,0,0,1,0,0,2011,55.9,4.9,0.8986736291019
"749",1,0,0,0,0,0,0,0,0,0,0,0,1,0,0,0,0,0,0,2011,51.5,7.7,0.964727372085492
"750",1,0,0,0,0,0,0,0,0,0,0,0,0,0,1,0,0,0,0,2011,44.5,9.8,0.972044000971503
"751",1,0,0,0,0,0,0,0,0,0,0,0,0,0,0,1,0,0,0,2011,54.9,9.3,0.774009269753886
"752",1,0,0,0,0,0,0,0,0,0,0,0,0,1,0,0,0,0,0,2011,53.8,6.2,0.770170485211572
"753",1,0,0,0,0,0,0,0,0,0,0,0,0,0,0,0,0,1,0,2011,50.5,4.6,0.836995021049223
"754",1,0,0,0,0,0,0,0,0,0,0,0,0,0,0,0,0,0,1,2011,50.8,6.1,0.872770266623489
"755",1,0,0,0,0,0,0,0,0,0,0,0,0,0,0,0,1,0,0,2011,55.5,8.4,0.90110744548791
"756",1,0,0,0,0,0,0,0,0,0,0,0,1,0,0,0,0,0,0,2011,45.2,6.2,0.914553311204663
"757",1,0,0,0,0,0,0,0,0,0,0,0,0,0,1,0,0,0,0,2011,49.6,6.2,0.866474052784974
"758",1,0,0,0,0,0,0,0,0,0,0,0,0,0,0,1,0,0,0,2011,65.1,3.4,0.743582348337651
"759",1,0,0,0,0,0,0,0,0,0,0,0,0,1,0,0,0,0,0,2011,63.4,3,0.766281101575993
"760",1,0,0,0,0,0,0,0,0,0,0,0,0,0,0,0,0,1,0,2011,65.8,5.3,0.849039291882556
"761",1,0,0,0,0,0,0,0,0,0,0,0,0,0,0,0,0,0,1,2011,67.4,5.7,0.865468817465458
"762",1,0,0,0,0,0,0,0,0,0,0,0,0,0,0,0,1,0,0,2011,64.3,6.3,0.912318517918826
"763",1,0,0,0,0,0,0,0,0,0,0,0,1,0,0,0,0,0,0,2011,64.4,5.6,0.948625053972366
"764",1,0,0,0,0,0,0,0,0,0,0,0,0,0,1,0,0,0,0,2011,57.4,5.2,0.913843237262522
"765",0,0,0,0,0,0,0,0,1,0,0,0,0,0,0,1,0,0,0,2011,58.3,3.9,0.799295323294473
"766",0,0,0,0,0,0,0,0,1,0,0,0,0,1,0,0,0,0,0,2011,54.9,4.8,0.808296901986183
"767",0,0,0,0,0,0,0,0,1,0,0,0,0,0,0,0,0,1,0,2011,61.5,5.4,0.848841955418826
"768",0,0,0,0,0,0,0,0,1,0,0,0,0,0,0,0,0,0,1,2011,56,4.6,0.909963973445596
"769",0,0,0,0,0,0,0,0,1,0,0,0,0,0,0,0,1,0,0,2011,54.4,8.4,0.913111237046632
"770",0,0,0,0,0,0,0,0,1,0,0,0,1,0,0,0,0,0,0,2011,59.9,4.6,0.946425680051813
"771",0,0,0,0,0,0,0,0,1,0,0,0,0,0,1,0,0,0,0,2011,62,5.2,0.892227304620035
"772",0,0,0,0,0,0,0,0,1,0,0,0,0,0,0,1,0,0,0,2011,61.9,4.5,0.756534029576857
"773",0,0,0,0,0,0,0,0,1,0,0,0,0,1,0,0,0,0,0,2011,62.4,5.9,0.776959196891192
"774",0,0,0,0,0,0,0,0,1,0,0,0,0,0,0,0,0,1,0,2011,62.5,5.3,0.85901237316494
"775",0,0,0,0,0,0,0,0,1,0,0,0,0,0,0,0,0,0,1,2011,59.4,5.1,0.878555429620035
"776",0,0,0,0,0,0,0,0,1,0,0,0,0,0,0,0,1,0,0,2011,61.2,3.9,0.910399125647668
"777",0,0,0,0,0,0,0,0,1,0,0,0,1,0,0,0,0,0,0,2011,58,2.9,0.949065266083765
"778",0,0,0,0,0,0,0,0,1,0,0,0,0,0,1,0,0,0,0,2011,59.8,4.1,0.94072147560449
"779",0,0,0,0,0,0,0,0,1,0,0,0,0,0,0,1,0,0,0,2011,61.1,3.8,0.812053041342833
"780",0,0,0,0,0,0,0,0,1,0,0,0,0,1,0,0,0,0,0,2011,58.8,6.2,0.833087084412781
"781",0,0,0,0,0,0,0,0,1,0,0,0,0,0,0,0,0,1,0,2011,54.9,10.7,0.898658449373921
"782",0,0,0,0,0,0,0,0,1,0,0,0,0,0,0,0,0,0,1,2011,58.7,8,0.875672967940414
"783",0,0,0,0,0,0,0,0,1,0,0,0,0,0,0,0,1,0,0,2011,64.1,3.9,0.910517190198618
"784",0,0,0,0,0,0,0,0,1,0,0,0,1,0,0,0,0,0,0,2011,61,1.6,0.935199427892919
"785",0,0,0,0,0,0,0,0,1,0,0,0,0,0,1,0,0,0,0,2011,63.7,2.4,0.910195042638169
"786",0,0,0,0,0,0,0,0,1,0,0,0,0,0,0,1,0,0,0,2011,57,4,0.817347393134715
"787",0,0,0,0,0,0,0,0,1,0,0,0,0,1,0,0,0,0,0,2011,59,5.1,0.800315738341969
"788",0,0,0,0,0,0,0,0,1,0,0,0,0,0,0,0,0,1,0,2011,71.8,4.5,0.860392041774611
"789",0,0,0,0,0,0,0,0,1,0,0,0,0,0,0,0,0,0,1,2011,74,3,0.874406303972366
"790",0,0,0,0,0,0,0,0,1,0,0,0,0,0,0,0,1,0,0,2011,69.9,4.7,0.87711841537133
"791",0,0,0,0,0,0,0,0,1,0,0,0,1,0,0,0,0,0,0,2011,73.4,3.5,0.85685516515544
"792",0,0,0,0,0,0,0,0,1,0,0,0,0,0,1,0,0,0,0,2011,74.3,4.6,0.747658948618307
"793",0,0,0,0,0,0,0,0,1,0,0,0,0,0,0,0,0,1,0,2011,79.2,4.2,0.780298737046632
"794",0,0,0,0,0,0,1,0,0,0,0,0,0,0,0,0,0,0,1,2011,77.6,3.6,0.868551988881693
"795",0,0,0,0,0,0,1,0,0,0,0,0,0,0,0,0,1,0,0,2011,75.6,8.3,0.886472501079447
"796",0,0,0,0,0,0,1,0,0,0,0,0,1,0,0,0,0,0,0,2011,66.1,6.3,0.907206322862694
"797",0,0,0,0,0,0,1,0,0,0,0,0,0,0,1,0,0,0,0,2011,66.2,3.4,0.879223337651123
"798",0,0,0,0,0,0,1,0,0,0,0,0,0,0,0,1,0,0,0,2011,62.9,4.7,0.754444287025043
"799",0,0,0,0,0,0,1,0,0,0,0,0,0,1,0,0,0,0,0,2011,69.5,2.5,0.804581241904145
"800",0,0,0,0,0,0,1,0,0,0,0,0,0,0,0,0,0,1,0,2011,76.4,5,0.879886185772884
"801",0,0,0,0,0,0,1,0,0,0,0,0,0,0,0,0,0,0,1,2011,82.8,3.5,0.916128629641623
"802",0,0,0,0,0,0,1,0,0,0,0,0,0,0,0,0,1,0,0,2011,85.7,3.4,0.92028450183506
"803",0,0,0,0,0,0,1,0,0,0,0,0,1,0,0,0,0,0,0,2011,76,3.5,0.914701735211572
"804",0,0,0,0,0,0,1,0,0,0,0,0,0,0,1,0,0,0,0,2011,66.7,7.5,0.905222838406736
"805",0,0,0,0,0,0,1,0,0,0,0,0,0,0,0,1,0,0,0,2011,63.5,6.2,0.732037321891192
"806",0,0,0,0,0,0,1,0,0,0,0,0,0,1,0,0,0,0,0,2011,65.6,4.3,0.786028241040587
"807",0,0,0,0,0,0,1,0,0,0,0,0,0,0,0,0,0,1,0,2011,64,4,0.84118293933506
"808",0,0,0,0,0,0,1,0,0,0,0,0,0,0,0,0,0,0,1,2011,67.9,4.8,0.866814753346287
"809",0,0,0,0,0,0,1,0,0,0,0,0,0,0,0,0,1,0,0,2011,72.5,3,0.905096340673575
"810",0,0,0,0,0,0,1,0,0,0,0,0,1,0,0,0,0,0,0,2011,68.8,3.5,0.892333562715889
"811",0,0,0,0,0,0,1,0,0,0,0,0,0,0,1,0,0,0,0,2011,71.2,1.4,0.872820865716753
"812",0,0,0,0,0,0,1,0,0,0,0,0,0,0,0,1,0,0,0,2011,75.7,3.6,0.747178257232297
"813",0,0,0,0,0,0,1,0,0,0,0,0,0,1,0,0,0,0,0,2011,72.2,2.3,0.770808033786701
"814",0,0,0,0,0,0,1,0,0,0,0,0,0,0,0,0,0,1,0,2011,74.8,3.7,0.83686683667962
"815",0,0,0,0,0,0,1,0,0,0,0,0,0,0,0,0,0,0,1,2011,74.9,3.3,0.875743806670985
"816",0,0,0,0,0,0,1,0,0,0,0,0,0,0,0,0,1,0,0,2011,70.3,4.3,0.883195366472366
"817",0,0,0,0,0,0,1,0,0,0,0,0,1,0,0,0,0,0,0,2011,67.2,4.2,0.908240231001727
"818",0,0,0,0,0,0,1,0,0,0,0,0,0,0,1,0,0,0,0,2011,70.1,3.6,0.864827895617444
"819",0,0,0,0,0,0,1,0,0,0,0,0,0,0,0,1,0,0,0,2011,72.9,4.2,0.741931131260794
"820",0,0,0,0,0,0,1,0,0,0,0,0,0,1,0,0,0,0,0,2011,73.4,2,0.770516245682211
"821",0,0,0,0,0,0,1,0,0,0,0,0,0,0,0,0,0,1,0,2011,76.5,2.2,0.826694732297064
"822",0,0,0,0,0,0,1,0,0,0,0,0,0,0,0,0,0,0,1,2011,75.6,2.8,0.850521845315199
"823",0,0,0,0,0,0,1,0,0,0,0,0,0,0,0,0,1,0,0,2011,73.7,4.8,0.855060583981002
"824",0,0,0,0,0,1,0,0,0,0,0,0,1,0,0,0,0,0,0,2011,73.8,3.2,0.803739610319516
"825",0,0,0,0,0,1,0,0,0,0,0,0,0,0,0,0,0,1,0,2011,78.9,3.4,0.716383649071675
"826",0,0,0,0,0,1,0,0,0,0,0,0,0,0,0,0,0,0,1,2011,80.2,3.4,0.793692317033679
"827",0,0,0,0,0,1,0,0,0,0,0,0,0,0,0,0,1,0,0,2011,80.4,3.8,0.853073726252159
"828",0,0,0,0,0,1,0,0,0,0,0,0,1,0,0,0,0,0,0,2011,77.3,2.3,0.876350995790155
"829",0,0,0,0,0,1,0,0,0,0,0,0,0,0,1,0,0,0,0,2011,75.5,4,0.808062459520725
"830",0,0,0,0,0,1,0,0,0,0,0,0,0,0,0,1,0,0,0,2011,77.5,2.3,0.730919081930052
"831",0,0,0,0,0,1,0,0,0,0,0,0,0,1,0,0,0,0,0,2011,80.7,3.3,0.761302150798791
"832",0,0,0,0,0,1,0,0,0,0,0,0,0,0,0,0,0,1,0,2011,84.7,6.7,0.847474093264249
"833",0,0,0,0,0,1,0,0,0,0,0,0,0,0,0,0,0,0,1,2011,81.2,5,0.856446999136442
"834",0,0,0,0,0,1,0,0,0,0,0,0,0,0,0,0,1,0,0,2011,72.7,6.2,0.873696230030225
"835",0,0,0,0,0,1,0,0,0,0,0,0,1,0,0,0,0,0,0,2011,74.7,4.2,0.892692816278066
"836",0,0,0,0,0,1,0,0,0,0,0,0,0,0,1,0,0,0,0,2011,78.3,3.5,0.842235400474957
"837",0,0,0,0,0,1,0,0,0,0,0,0,0,0,0,1,0,0,0,2011,80.7,4.7,0.75793056455095
"838",0,0,0,0,0,1,0,0,0,0,0,0,0,1,0,0,0,0,0,2011,83.3,5.7,0.791793164399827
"839",0,0,0,0,0,1,0,0,0,0,0,0,0,0,0,0,0,1,0,2011,81.9,3.6,0.834670836031952
"840",0,0,0,0,0,1,0,0,0,0,0,0,0,0,0,0,0,0,1,2011,81.2,2.9,0.858182548035406
"841",0,0,0,0,0,1,0,0,0,0,0,0,0,0,0,0,1,0,0,2011,83.5,3.9,0.926869130505181
"842",0,0,0,0,0,1,0,0,0,0,0,0,1,0,0,0,0,0,0,2011,92.6,5.2,0.934563565954231
"843",0,0,0,0,0,1,0,0,0,0,0,0,0,0,1,0,0,0,0,2011,90.3,3,0.870301030872193
"844",0,0,0,0,0,1,0,0,0,0,0,0,0,0,0,1,0,0,0,2011,86.1,3.4,0.761443828259931
"845",0,0,0,0,0,1,0,0,0,0,0,0,0,1,0,0,0,0,0,2011,76,3.7,0.759419864529361
"846",0,0,0,0,0,1,0,0,0,0,0,0,0,0,0,0,0,1,0,2011,77,3.7,0.815481973229706
"847",0,0,0,0,0,1,0,0,0,0,0,0,0,0,0,0,0,0,1,2011,75.8,4.2,0.839941574913644
"848",0,0,0,0,0,1,0,0,0,0,0,0,0,0,0,0,1,0,0,2011,78.4,2.2,0.87436245142487
"849",0,0,0,0,0,1,0,0,0,0,0,0,1,0,0,0,0,0,0,2011,77.6,2.7,0.886047468696028
"850",0,0,0,0,0,1,0,0,0,0,0,0,0,0,1,0,0,0,0,2011,80.5,4.9,0.822947026122625
"851",0,0,0,0,0,1,0,0,0,0,0,0,0,0,0,1,0,0,0,2011,80.8,2.4,0.74966098607513
"852",0,1,0,0,0,0,0,0,0,0,0,0,0,1,0,0,0,0,0,2011,80.3,3.1,0.764272317573402
"853",0,1,0,0,0,0,0,0,0,0,0,0,0,0,0,0,0,1,0,2011,80.9,3,0.826176934909326
"854",0,1,0,0,0,0,0,0,0,0,0,0,0,0,0,0,0,0,1,2011,77.7,3.5,0.867001969991364
"855",0,1,0,0,0,0,0,0,0,0,0,0,0,0,0,0,1,0,0,2011,73.2,4.5,0.845740231001727
"856",0,1,0,0,0,0,0,0,0,0,0,0,1,0,0,0,0,0,0,2011,76.3,3.1,0.866622476791883
"857",0,1,0,0,0,0,0,0,0,0,0,0,0,0,1,0,0,0,0,2011,76,5.3,0.81357101414076
"858",0,1,0,0,0,0,0,0,0,0,0,0,0,0,0,1,0,0,0,2011,78.4,4.1,0.706614650798791
"859",0,1,0,0,0,0,0,0,0,0,0,0,0,1,0,0,0,0,0,2011,80.3,3.7,0.727189928756477
"860",0,1,0,0,0,0,0,0,0,0,0,0,0,0,0,0,0,1,0,2011,75.9,3.1,0.786451586787565
"861",0,1,0,0,0,0,0,0,0,0,0,0,0,0,0,0,0,0,1,2011,76.3,4.2,0.821638196243523
"862",0,1,0,0,0,0,0,0,0,0,0,0,0,0,0,0,1,0,0,2011,76.1,4,0.844411161485319
"863",0,1,0,0,0,0,0,0,0,0,0,0,1,0,0,0,0,0,0,2011,74,2.8,0.851489974632988
"864",0,1,0,0,0,0,0,0,0,0,0,0,0,0,1,0,0,0,0,2011,76.2,1.7,0.791754371761658
"865",0,1,0,0,0,0,0,0,0,0,0,0,0,1,0,0,0,0,0,2011,71,4.1,0.722047374244387
"866",0,1,0,0,0,0,0,0,0,0,0,0,0,0,0,0,0,1,0,2011,69.8,4.7,0.795028133095855
"867",0,1,0,0,0,0,0,0,0,0,0,0,0,0,0,0,0,0,1,2011,75.5,0.6,0.824254169365285
"868",0,1,0,0,0,0,0,0,0,0,0,0,0,0,0,0,1,0,0,2011,75,4.3,0.850537025043178
"869",0,1,0,0,0,0,0,0,0,0,0,0,1,0,0,0,0,0,0,2011,75.2,3.9,0.836809491040587
"870",0,1,0,0,0,0,0,0,0,0,0,0,0,0,1,0,0,0,0,2011,71.7,1.2,0.758993145509499
"871",0,1,0,0,0,0,0,0,0,0,0,0,0,1,0,0,0,0,0,2011,71.6,5.6,0.681293177892919
"872",0,1,0,0,0,0,0,0,0,0,0,0,0,0,0,0,0,1,0,2011,70.2,3.2,0.748544432750432
"873",0,1,0,0,0,0,0,0,0,0,0,0,0,0,0,0,0,0,1,2011,72.4,5.9,0.788478923791019
"874",0,1,0,0,0,0,0,0,0,0,0,0,0,0,0,0,1,0,0,2011,73.9,5.7,0.823613247517271
"875",0,1,0,0,0,0,0,0,0,0,0,0,1,0,0,0,0,0,0,2011,75.2,2.3,0.82272270347582
"876",0,1,0,0,0,0,0,0,0,0,0,0,0,0,0,0,0,1,0,2011,70.5,2.3,0.699065266083765
"877",0,1,0,0,0,0,0,0,0,0,0,0,0,0,0,0,0,0,1,2011,73.3,2.1,0.779936110211572
"878",0,0,0,0,0,0,0,0,0,0,0,1,0,0,0,0,1,0,0,2011,73.5,2.7,0.809851980785838
"879",0,0,0,0,0,0,0,0,0,0,0,1,1,0,0,0,0,0,0,2011,69.9,3,0.818388047819516
"880",0,0,0,0,0,0,0,0,0,0,0,1,0,0,1,0,0,0,0,2011,72.6,3.8,0.77048419958981
"881",0,0,0,0,0,0,0,0,0,0,0,1,0,0,0,1,0,0,0,2011,77.3,4.4,0.701591847474093
"882",0,0,0,0,0,0,0,0,0,0,0,1,0,0,0,0,0,1,0,2011,64.6,5.5,0.785373826101036
"883",0,0,0,0,0,0,0,0,0,0,0,1,0,0,0,0,0,0,1,2011,63.8,9.9,0.841877833549223
"884",0,0,0,0,0,0,0,0,0,0,0,1,0,0,0,0,1,0,0,2011,68.9,5.3,0.881419338298791
"885",0,0,0,0,0,0,0,0,0,0,0,1,1,0,0,0,0,0,0,2011,73.7,5,0.848163927569085
"886",0,0,0,0,0,0,0,0,0,0,0,1,0,0,1,0,0,0,0,2011,74.1,2.9,0.889101967292746
"887",0,0,0,0,0,0,0,0,0,0,0,1,0,0,0,1,0,0,0,2011,67.7,4.3,0.770501065954231
"888",0,0,0,0,0,0,0,0,0,0,0,1,0,1,0,0,0,0,0,2011,71.2,0.9,0.781727318113126
"889",0,0,0,0,0,0,0,0,0,0,0,1,0,0,0,0,0,1,0,2011,74.8,3.6,0.857462354274611
"890",0,0,0,0,0,0,0,0,0,0,0,1,0,0,0,0,0,0,1,2011,76.1,4.6,0.888827045552677
"891",0,0,0,0,0,0,0,0,0,0,0,1,0,0,0,0,1,0,0,2011,70.7,3.7,0.886278537888601
"892",0,0,0,0,0,0,0,0,0,0,0,1,1,0,0,0,0,0,0,2011,57.1,4.9,0.910139383635579
"893",0,0,0,0,0,0,0,0,0,0,0,1,0,0,1,0,0,0,0,2011,58.4,4.9,0.930139518566494
"894",0,0,0,0,0,0,0,0,0,0,0,1,0,0,0,1,0,0,0,2011,59.2,5.7,0.803194826748705
"895",0,0,0,0,0,0,0,0,0,0,0,1,0,1,0,0,0,0,0,2011,59.5,4.3,0.753703853626943
"896",0,0,0,0,0,0,0,0,0,0,0,1,0,0,0,0,0,1,0,2011,63.1,4.2,0.764685543501727
"897",0,0,0,0,0,0,0,0,0,0,0,1,0,0,0,0,0,0,1,2011,67.6,1.5,0.78208488503886
"898",0,0,0,0,0,0,0,0,0,0,0,1,0,0,0,0,1,0,0,2011,70.9,1.9,0.845252793069948
"899",0,0,0,0,0,0,0,0,0,0,0,1,1,0,0,0,0,0,0,2011,71.1,2.1,0.859030926165803
"900",0,0,0,0,0,0,0,0,0,0,0,1,0,0,1,0,0,0,0,2011,72.1,2.7,0.914082739637306
"901",0,0,0,0,0,0,0,0,0,0,0,1,0,0,0,1,0,0,0,2011,73.5,0.8,0.792555524071675
"902",0,0,0,0,0,0,0,0,0,0,0,1,0,1,0,0,0,0,0,2011,73.3,1.1,0.772853923791019
"903",0,0,0,0,0,0,0,0,0,0,0,1,0,0,0,0,0,1,0,2011,72.3,2.1,0.830828678216753
"904",0,0,0,0,0,0,0,0,0,0,0,1,0,0,0,0,0,0,1,2011,70.7,5.7,0.841901446459413
"905",0,0,0,0,0,0,0,0,0,0,0,1,0,0,0,0,1,0,0,2011,69.6,3.8,0.834090633095855
"906",0,0,0,0,0,0,0,0,0,0,0,1,1,0,0,0,0,0,0,2011,66.7,3.9,0.901876551705527
"907",0,0,0,0,0,0,0,0,0,0,1,0,0,0,1,0,0,0,0,2011,59.8,2.9,0.906949954123489
"908",0,0,0,0,0,0,0,0,0,0,1,0,0,0,0,1,0,0,0,2011,54.7,5.4,0.770202531303972
"909",0,0,0,0,0,0,0,0,0,0,1,0,0,1,0,0,0,0,0,2011,52.7,2.3,0.780605704879102
"910",0,0,0,0,0,0,0,0,0,0,1,0,0,0,0,0,0,1,0,2011,54.9,3.4,0.822744629749568
"911",0,0,0,0,0,0,0,0,0,0,1,0,0,0,0,0,0,0,1,2011,62.3,6.2,0.860451074050086
"912",0,0,0,0,0,0,0,0,0,0,1,0,0,0,0,0,1,0,0,2011,57,3.6,0.895352641947323
"913",0,0,0,0,0,0,0,0,0,0,1,0,1,0,0,0,0,0,0,2011,56.9,2,0.90960471988342
"914",0,0,0,0,0,0,0,0,0,0,1,0,0,0,1,0,0,0,0,2011,63,2,0.898348108268566
"915",0,0,0,0,0,0,0,0,0,0,1,0,0,0,0,1,0,0,0,2011,70,2.4,0.797357378022453
"916",0,0,0,0,0,0,0,0,0,0,1,0,0,1,0,0,0,0,0,2011,71.4,1.5,0.705853977763385
"917",0,0,0,0,0,0,0,0,0,0,1,0,0,0,0,0,0,1,0,2011,68.4,4.4,0.811999068976684
"918",0,0,0,0,0,0,0,0,0,0,1,0,0,0,0,0,0,0,1,2011,61.3,8,0.870867740716753
"919",0,0,0,0,0,0,0,0,0,0,1,0,0,0,0,0,1,0,0,2011,60.9,7.4,0.903669446243523
"920",0,0,0,0,0,0,0,0,0,0,1,0,1,0,0,0,0,0,0,2011,66.1,4.4,0.922836382772021
"921",0,0,0,0,0,0,0,0,0,0,1,0,0,0,1,0,0,0,0,2011,59.1,7,0.943293596178757
"922",0,0,0,0,0,0,0,0,0,0,1,0,0,0,0,1,0,0,0,2011,59.9,6.3,0.81993469343696
"923",0,0,0,0,0,0,0,0,0,0,1,0,0,1,0,0,0,0,0,2011,61.4,6.8,0.77639080041019
"924",0,0,0,0,0,0,0,0,0,0,1,0,0,0,0,0,0,1,0,2011,60.4,3.7,0.834793960492228
"925",0,0,0,0,0,0,0,0,0,0,1,0,0,0,0,0,0,0,1,2011,60.8,8.5,0.837784366904145
"926",0,0,0,0,0,0,0,0,0,0,1,0,0,0,0,0,1,0,0,2011,62.5,7.3,0.877806563039724
"927",0,0,0,0,0,0,0,0,0,0,1,0,1,0,0,0,0,0,0,2011,53.8,6.1,0.931473647992228
"928",0,0,0,0,0,0,0,0,0,0,1,0,0,0,1,0,0,0,0,2011,52.7,4.1,0.930756827504318
"929",0,0,0,0,0,0,0,0,0,0,1,0,0,0,0,1,0,0,0,2011,53.3,1.7,0.811268755397237
"930",0,0,0,0,0,0,0,0,0,0,1,0,0,1,0,0,0,0,0,2011,55.1,2.8,0.789328988557858
"931",0,0,0,0,0,0,0,0,0,0,1,0,0,0,0,0,0,1,0,2011,56.6,6.3,0.836333859563903
"932",0,0,0,0,0,0,0,0,0,0,1,0,0,0,0,0,0,0,1,2011,55.7,2,0.863652310017271
"933",0,0,0,0,0,0,0,0,0,0,1,0,0,0,0,0,1,0,0,2011,53.4,4.9,0.882240730246114
"934",0,0,0,0,0,0,0,0,0,0,1,0,1,0,0,0,0,0,0,2011,41.7,4.9,0.921647304080311
"935",0,0,0,0,0,0,0,0,0,0,1,0,0,0,1,0,0,0,0,2011,39.7,6.5,0.991602237154577
"936",0,0,0,0,0,0,0,0,0,0,1,0,0,0,0,1,0,0,0,2011,37.7,6.3,0.821823726252159
"937",0,0,0,0,0,0,0,0,0,0,1,0,0,1,0,0,0,0,0,2011,44.6,2,0.766297967940414
"938",0,0,0,0,0,0,0,0,0,1,0,0,0,0,0,0,0,1,0,2011,49.3,4.9,0.872183317141623
"939",0,0,0,0,0,0,0,0,0,1,0,0,0,0,0,0,0,0,1,2011,48.4,1.9,0.848233079663212
"940",0,0,0,0,0,0,0,0,0,1,0,0,0,0,0,0,1,0,0,2011,51.9,4.6,0.893811056239206
"941",0,0,0,0,0,0,0,0,0,1,0,0,1,0,0,0,0,0,0,2011,51.2,6.3,0.938420903497409
"942",0,0,0,0,0,0,0,0,0,1,0,0,0,0,1,0,0,0,0,2011,42.8,5.9,0.952178796955959
"943",0,0,0,0,0,0,0,0,0,1,0,0,0,0,0,1,0,0,0,2011,45.5,3,0.746108929727979
"944",0,0,0,0,0,0,0,0,0,1,0,0,0,1,0,0,0,0,0,2011,51.7,4,0.775539049006909
"945",0,0,0,0,0,0,0,0,0,1,0,0,0,0,0,0,0,1,0,2011,59.1,2.5,0.834033287456822
"946",0,0,0,0,0,0,0,0,0,1,0,0,0,0,0,0,0,0,1,2011,57.1,2.4,0.866860292530225
"947",0,0,0,0,0,0,0,0,0,1,0,0,0,0,0,0,1,0,0,2011,58.9,2.8,0.891112437931779
"948",0,0,0,0,0,0,0,0,0,1,0,0,1,0,0,0,0,0,0,2011,46.4,7.4,0.899506827504318
"949",0,0,0,0,0,0,0,0,0,1,0,0,0,0,1,0,0,0,0,2011,46.2,6.3,0.897503103411054
"950",0,0,0,0,0,0,0,0,0,1,0,0,0,0,0,1,0,0,0,2011,53.9,5.1,0.779639262197755
"951",0,0,0,0,0,0,0,0,0,1,0,0,0,1,0,0,0,0,0,2011,59.7,5.6,0.776493685233161
"952",0,0,0,0,0,0,0,0,0,1,0,0,0,0,0,0,0,1,0,2011,63.6,5.3,0.829496235427461
"953",0,0,0,0,0,0,0,0,0,1,0,0,0,0,0,0,0,0,1,2011,57,3,0.840358174114853
"954",0,0,0,0,0,0,0,0,0,1,0,0,0,0,0,0,1,0,0,2011,48.2,5.1,0.894954595746978
"955",0,0,0,0,0,0,0,0,0,1,0,0,1,0,0,0,0,0,0,2011,40.7,6.1,0.922224133743523
"956",0,0,0,0,0,0,0,0,0,1,0,0,0,0,1,0,0,0,0,2011,43.9,5.6,0.936084912025043
"957",0,0,0,0,0,0,0,0,0,1,0,0,0,0,0,1,0,0,0,2011,54.6,7.4,0.782855677892919
"958",0,0,0,0,0,0,0,0,0,1,0,0,0,1,0,0,0,0,0,2011,54,4.9,0.770806347150259
"959",0,0,0,0,0,0,0,0,0,1,0,0,0,0,0,0,0,1,0,2011,47.5,4.9,0.789949670768566
"960",0,0,0,0,0,0,0,0,0,1,0,0,0,0,0,0,0,0,1,2011,47.6,6.7,0.797392797387737
"961",0,0,0,0,0,0,0,0,0,1,0,0,0,0,1,0,0,0,0,2011,56.5,3.5,0.733116769214162
"962",0,0,0,0,0,0,0,0,0,1,0,0,0,0,0,1,0,0,0,2011,55.5,2.9,0.691515881368739
"963",0,0,0,0,0,0,0,0,0,1,0,0,0,1,0,0,0,0,0,2011,62,5.6,0.727540749136442
"964",0,0,0,0,0,0,0,0,0,1,0,0,0,0,0,0,0,1,0,2011,60.5,5.6,0.801666734132124
"965",0,0,0,0,0,0,0,0,0,1,0,0,0,0,0,0,0,0,1,2011,50.3,7.4,0.836266394106218
"966",0,0,1,0,0,0,0,0,0,0,0,0,0,0,0,0,1,0,0,2011,43.5,7.7,0.883326924114853
"967",0,0,1,0,0,0,0,0,0,0,0,0,1,0,0,0,0,0,0,2011,45.8,4.2,0.932860063147668
"968",0,0,1,0,0,0,0,0,0,0,0,0,0,0,1,0,0,0,0,2011,42.2,4.3,0.945231541450777
"969",0,0,1,0,0,0,0,0,0,0,0,0,0,0,0,1,0,0,0,2011,47.5,3.7,0.804463177353195
"970",0,0,1,0,0,0,0,0,0,0,0,0,0,1,0,0,0,0,0,2011,52.6,2.5,0.787996545768566
"971",0,0,1,0,0,0,0,0,0,0,0,0,0,0,0,0,0,1,0,2011,58.2,4.6,0.819025596394646
"972",0,0,1,0,0,0,0,0,0,0,0,0,0,0,0,0,0,0,1,2011,55.6,3.7,0.852024638385147
"973",0,0,1,0,0,0,0,0,0,0,0,0,0,0,0,0,1,0,0,2011,41.6,8.1,0.889437607944732
"974",0,0,1,0,0,0,0,0,0,0,0,0,1,0,0,0,0,0,0,2011,42.3,4.7,0.933936137197755
"975",0,0,1,0,0,0,0,0,0,0,0,0,0,0,1,0,0,0,0,2011,42.6,5.7,0.959426273747841
"976",0,0,1,0,0,0,0,0,0,0,0,0,0,0,0,1,0,0,0,2011,33.8,3.3,0.824225496545769
"977",0,0,1,0,0,0,0,0,0,0,0,0,0,1,0,0,0,0,0,2011,37.7,3.6,0.804608228087219
"978",0,0,1,0,0,0,0,0,0,0,0,0,0,0,0,0,0,1,0,2011,39,4,0.862161323402418
"979",0,0,1,0,0,0,0,0,0,0,0,0,0,0,0,0,0,0,1,2011,43,2.8,0.859385119818653
"980",0,0,1,0,0,0,0,0,0,0,0,0,0,0,0,0,1,0,0,2011,51.3,6.9,0.911768674438687
"981",0,0,1,0,0,0,0,0,0,0,0,0,1,0,0,0,0,0,0,2011,50.6,7.3,0.962514505073402
"982",0,0,1,0,0,0,0,0,0,0,0,0,0,0,1,0,0,0,0,2011,38.8,5.5,0.954056023316062
"983",0,0,1,0,0,0,0,0,0,0,0,0,0,0,0,1,0,0,0,2011,28.3,4.6,0.857858713838515
"984",0,0,1,0,0,0,0,0,0,0,0,0,0,1,0,0,0,0,0,2011,36,5.4,0.800565360535406
"985",0,0,1,0,0,0,0,0,0,0,0,0,0,0,0,0,0,1,0,2011,45.4,5.4,0.838939712867012
"986",0,0,1,0,0,0,0,0,0,0,0,0,0,0,0,0,0,0,1,2011,48.7,3.7,0.850027660837651
"987",0,0,1,0,0,0,0,0,0,0,0,0,0,0,0,0,1,0,0,2011,55,6.1,0.836296753562176
"988",0,0,1,0,0,0,0,0,0,0,0,0,1,0,0,0,0,0,0,2011,47.4,4.9,0.799774328044041
"989",0,0,1,0,0,0,0,0,0,0,0,0,0,0,0,0,0,0,1,2011,45.7,9.8,0.70059673197323
"990",0,0,1,0,0,0,0,0,0,0,0,0,0,0,0,0,1,0,0,2011,30,7.5,0.77107452234456
"991",0,0,1,0,0,0,0,0,0,0,0,0,1,0,0,0,0,0,0,2011,42.8,2.6,0.784626646157167
"992",0,0,1,0,0,0,0,0,0,0,0,0,0,0,1,0,0,0,0,2011,50.6,4.6,0.804102237154577
