"","day","temp","wdsp","NUM_TRIPS"
"2",6,20,7.4,0.631126420297479
"3",7,30,10.8,0.724950660264508
"6",3,30.4,5.7,0.716044377280602
"8",5,37.9,16.4,0.799993968657121
"9",6,25.7,13.8,0.872611336914164
"10",7,21.6,6.9,0.809791550088627
"11",1,28.8,9,0.678651726806974
"12",2,26.9,5.8,0.694680020506566
"13",3,23.4,3.3,0.7414246031879
"14",4,28.9,9.7,0.819553948686675
"15",5,15.6,7.5,0.814985206456218
"16",6,8.1,4.9,0.896659641269129
"17",7,10.2,3.6,0.85615414772099
"18",1,27.3,5.6,0.703593004982559
"20",3,29.8,4.1,0.726507081801763
"21",4,23.4,8.4,0.801277304391823
"22",5,25.1,10.1,0.8347395297563
"23",6,30.1,5.1,0.870178695286505
"24",7,36.9,11.8,0.917419188382293
"25",1,15.1,8.7,0.771882884724284
"26",2,19.3,3.4,0.7272475966774
"27",3,20.8,3.2,0.790420887210537
"28",4,29.8,7.3,0.762608019675581
"29",5,36.4,13.8,0.843302361270737
"30",6,26.7,4.7,0.901962196883136
"31",7,25.7,10.1,0.903987722866496
"32",1,30.4,9.8,0.720004959104145
"33",2,38.1,3.6,0.675798566550843
"34",3,34.2,15.4,0.757865038650856
"36",5,8.3,10.2,0.897123719596168
"37",6,12.8,6.7,0.915906326543605
"38",7,22.8,6.7,0.85999075194092
"39",1,46.2,15.4,0.713439172231697
"40",2,33.6,7.6,0.680533170710459
"41",3,29.2,3.5,0.746666845373122
"42",4,45.7,5.1,0.776054563548574
"43",5,49,14.7,0.854731756025479
"44",6,39.1,16.7,0.920094759098113
"45",7,31.4,12.5,0.904172013898895
"46",1,31,6,0.756680549924441
"47",2,28.3,5.7,0.655801314162598
"48",3,29.8,9,0.754688531401517
"49",4,25.6,4.8,0.816962146621945
"50",5,41.3,8.6,0.85061703988393
"51",6,27.4,16.8,0.941512727808847
"52",7,30.1,13.1,0.87499539272419
"53",1,34.9,5.8,0.745995020791379
"54",2,32.6,18.4,0.762447183865488
"55",3,26.1,10.3,0.816106031007804
"56",4,27.1,2.4,0.816042366832975
"57",5,33.7,5.8,0.839335077955107
"58",6,46,9.6,0.88208389597944
"59",7,46.9,13.2,0.883663772739
"60",1,32.1,13.3,0.72328031336177
"62",3,19.2,8,0.792181704256453
"63",4,18.9,8.6,0.817912083125308
"64",5,25.6,7.1,0.716536936949012
"65",6,41.3,12.4,0.883012052633519
"66",7,51.1,9.5,0.822753911158319
"67",1,52.7,8.8,0.686753830740414
"68",2,39.6,7.9,0.681618812428587
"69",3,36.5,6.5,0.796345006215634
"70",4,43.8,11,0.811245773871553
"71",5,38.8,9.3,0.886788343424664
"72",6,29,6.2,0.925807781102462
"73",7,32.8,4.5,0.863457098723031
"74",1,42,5,0.700441628328547
"75",2,36.7,7,0.630665692716483
"76",3,36.6,4.7,0.772487694385155
"77",4,40.7,9,0.75397649786725
"78",5,44.5,8.7,0.831889720246213
"79",6,36,11.4,0.872195844404757
"80",7,30.6,5.4,0.840191193569248
"81",1,37.8,7.7,0.700582359662379
"82",2,29.3,10,0.703313217687918
"83",3,29.7,14.8,0.761547508552779
"84",4,39.5,10.9,0.787616312772039
"85",5,37.5,4.2,0.863338147238483
"86",6,43.5,7.7,0.862173762988329
"87",7,43.4,5,0.860429699672632
"88",1,48.3,5.9,0.718549059948198
"89",2,44.1,10.8,0.715908672065835
"90",3,44.3,10.4,0.771901313827524
"91",4,36.2,4.1,0.648977519844793
"92",5,50.2,4.2,0.831157582235685
"93",6,52.9,9.3,0.904488659400015
"94",7,51.1,14.1,0.895654417456047
"95",1,50.8,12.1,0.739167875727531
"96",2,47.5,7.8,0.747280031899102
"97",3,48.9,13,0.821691724662496
"98",4,43.1,12.7,0.814554635589614
"99",5,46.9,9.1,0.798234826984228
"100",6,50.5,5.3,0.797264786004604
"101",7,44.9,11.8,0.817236907797521
"102",1,40.2,11.6,0.680570028916938
"103",2,41.3,12.1,0.695395404786876
"104",3,46.5,2.9,0.807804557684769
"105",4,46.1,10.5,0.826860250434759
"106",5,43.7,8.8,0.872187467539648
"107",6,47.5,7,0.88574458603208
"108",7,56.6,5.2,0.873857814442386
"109",1,49,9,0.735229073753271
"110",2,44.1,8.7,0.802125043140855
"111",3,54.7,13.8,0.78311123471641
"112",4,55.9,7.9,0.837450283305578
"113",5,51,13,0.869828542324949
"114",6,54.6,8.9,0.882271537757882
"115",7,59.9,9.4,0.860131483274751
"116",1,71.7,6.3,0.746276483459042
"118",3,60.6,12.8,0.788448973163875
"119",4,50.5,10.6,0.825610422160494
"120",5,45,5.2,0.865985236612932
"121",6,52.1,13,0.898939823951803
"122",7,52.7,8.3,0.854733431398501
"123",1,48.2,4.6,0.771794089954128
"124",2,49.9,2.9,0.774377515153749
"125",3,50.4,8,0.867442811141901
"126",4,50.4,5.5,0.866918419386076
"127",5,57.6,10.7,0.877198508247861
"128",6,61.9,7,0.88278085115651
"129",7,58.9,6.7,0.839931510750869
"130",1,63.1,14.3,0.708471691222051
"131",2,53.6,7.4,0.729036895064686
"132",3,53.4,3,0.791566842357451
"133",4,52.9,4.1,0.842424465807312
"134",5,57.3,10.1,0.891760850553376
"135",6,60.8,11.1,0.896095040560781
"136",7,60.6,5.5,0.882165989257508
"137",1,62.6,9.6,0.765240030692834
"138",2,49.6,7.6,0.783478141408185
"139",3,49.9,3.8,0.826149892273515
"140",4,61.4,8.1,0.844488525370174
"141",5,66.2,13,0.866665438059784
"142",6,66.3,12.3,0.830876119568022
"143",7,60.6,6.8,0.676364842632212
"146",3,54.4,9.4,0.744637968643719
"147",4,52,5.3,0.803961251972752
"148",5,52.5,8.9,0.869520273688937
"149",6,57.2,4.5,0.877806668654776
"150",7,66.4,6.3,0.810223796328252
"151",1,64.7,7.5,0.685813946475183
"153",3,62.1,8.5,0.789486029064371
"154",4,61.6,4.3,0.84761644680188
"155",5,59.9,4.8,0.873753941315034
"156",6,58,5.2,0.924432299851562
"157",7,58.2,9,0.773714067437115
"158",1,67.6,8.4,0.70363991542717
"159",2,64.2,4.9,0.643760408254898
"160",3,57.5,5.4,0.80709084877748
"161",4,59.7,5.8,0.854389979929031
"162",5,59.2,6.4,0.883568276476758
"163",6,66.6,6.7,0.888328011231701
"164",7,67.1,4.6,0.81354773640351
"165",1,62.4,5.6,0.668458757342322
"166",2,59.1,5.8,0.72932840997048
"167",3,57.2,7.8,0.798938483653385
"168",4,58.7,3.3,0.847954872152285
"169",5,62.3,5.3,0.894722910055924
"170",6,68.2,9.3,0.872376784691111
"171",7,68.4,3.6,0.820949534413837
"172",1,62.2,10.6,0.676497197100934
"173",2,59.2,17.7,0.700001005223813
"174",3,60.1,17.4,0.79067386853683
"175",4,61.1,5.6,0.832889917940229
"176",5,65.5,3.4,0.865097288911376
"177",6,68.8,7.5,0.874661993492851
"178",7,71.6,5.3,0.791809771445612
"179",1,65.9,6.5,0.692220572910558
"180",2,66.6,5.8,0.722260011191492
"181",3,67.4,3.3,0.772405601107086
"182",4,66.9,5.6,0.665823395579026
"183",5,67.6,5.7,0.769359772953448
"188",3,66,5.2,0.701262561109231
"189",4,64.3,7,0.754837639600457
"190",5,61.8,9.4,0.815966975046994
"191",6,61,3.6,0.806221330179164
"192",7,63,4.9,0.742052868071076
"193",1,67.8,7.9,0.633706494751056
"194",2,67,7.9,0.66563240305454
"195",3,68.1,6.2,0.758773090828673
"196",4,68.4,7.9,0.812993187933293
"197",5,71,10.6,0.836148518467637
"198",6,75.5,6.9,0.865209538903837
"199",7,74.7,8.4,0.7352927379281
"200",1,71.5,6.8,0.655789586551446
"201",2,70.2,3.4,0.688429203762218
"202",3,68.6,6.3,0.800504957428771
"203",4,72.7,6.4,0.814452437835284
"204",5,67.2,4.1,0.842029077774166
"205",6,66,10.3,0.820842310540442
"206",7,70.4,6.6,0.753319751642703
"207",1,72.9,8.3,0.687313405329697
"208",2,74.8,11.2,0.706317161516012
"209",3,73.5,7.3,0.78677192476905
"210",4,74.5,8.9,0.819508713615086
"211",5,76.2,12.5,0.846601170750668
"212",6,74.1,7.9,0.834377649183591
"213",7,72.5,3.6,0.735192215546791
"214",1,71.1,5.7,0.660427019075797
"215",2,74.8,5.5,0.699345934372288
"216",3,73.7,5.9,0.780311686396976
"217",4,74.3,10,0.817225180186368
"218",5,70.8,4.8,0.825509899779186
"219",6,70,5.5,0.813941449063634
"220",7,64.9,4.2,0.700748221591537
"222",2,75,7.7,0.699704464198954
"223",3,76.5,3.8,0.766851739539809
"224",4,68.2,6.6,0.779963208808441
"225",5,66.5,7.9,0.825900261693266
"226",6,68.2,4,0.824353892394142
"227",7,72.5,5.4,0.742366162826153
"228",1,75.3,6.5,0.672020600386676
"229",2,74.2,7.5,0.703313217687918
"230",3,76.5,7.5,0.778395059660033
"231",4,76.8,8.9,0.789506133540633
"232",5,76.8,4.5,0.835190205099165
"233",6,79.8,9.3,0.814501023652916
"234",7,79.2,9,0.704893094447479
"236",2,75.4,4.5,0.641666191977644
"237",3,71.6,4.2,0.71484481019699
"238",4,75.3,9.8,0.774548403201973
"239",5,68.8,4.8,0.780874611732302
"240",6,63.8,3,0.82359997453433
"241",7,66,8.6,0.71097972463569
"242",1,60.4,4.1,0.639442971977711
"243",2,64.2,4.5,0.635080300628935
"244",3,59.7,4.5,0.696864706926997
"245",4,58.8,3.3,0.736021525192584
"246",5,58.9,1.6,0.766531743292644
"247",6,59.8,4.4,0.75179348681984
"248",7,65.3,2.5,0.659882522843711
"251",3,61.8,2.1,0.72353999618015
"252",4,61.6,7.2,0.818873747239823
"253",5,57.4,8.8,0.888597746288211
"254",6,61,8.5,0.921041344855432
"255",7,66,6.1,0.870302672890119
"256",1,65.1,6,0.769046478198371
"257",2,63.4,6,0.775895403111503
"258",3,65.7,5.1,0.839247958557973
"259",4,60.4,7.3,0.873261381646624
"260",5,55.8,8.8,0.8965959770943
"261",6,57.2,9.4,0.892486287071817
"262",7,57.3,6.3,0.825530004255447
"263",1,52.3,4.1,0.692223923656602
"264",2,58.5,3.6,0.725243850543324
"265",3,59.5,5,0.759969307166241
"266",4,67.8,8.2,0.787602909787864
"267",5,69.9,8.6,0.82823573168566
"268",6,55.8,10.3,0.89492395481854
"269",7,50.5,5,0.896403309196793
"270",1,58.3,8.8,0.757308814807617
"271",2,65.2,10.8,0.658542224426269
"272",3,61.2,10.6,0.769173806548028
"273",4,56.8,7.5,0.845234066364876
"274",5,48.9,7.3,0.876235168760324
"275",6,51.4,5.6,0.916480979490083
"276",7,59,9.3,0.875973810568923
"277",1,62.6,4.6,0.730727346443686
"278",2,59.8,7.2,0.736984864680121
"279",3,56.6,9.9,0.798308543397187
"280",4,59.7,12.7,0.842176510600085
"281",5,56.1,13,0.882164313884486
"282",6,52.5,4,0.914259434863172
"283",7,63.1,8.9,0.90765176366518
"284",1,48.1,7,0.776780000067015
"285",2,46,6.5,0.691510214749314
"286",3,48.9,6.1,0.806221330179164
"287",4,42.9,7.3,0.854527360516819
"288",5,38.8,4.8,0.893531719837422
"289",6,42.6,15.5,0.922535777590881
"290",7,46.4,11.5,0.906604655526553
"291",1,47.3,16.7,0.79143616326175
"292",2,42.7,10,0.758550266216773
"293",3,42.4,4.7,0.793031118378507
"294",4,52.9,5.3,0.844315961948928
"295",5,57,7.7,0.884101045097691
"296",6,49.5,12,0.938483653385426
"297",7,54.7,13.5,0.907594800982439
"298",1,59.9,11.6,0.749803143669938
"299",2,47,5.2,0.751188677158969
"300",3,44.8,4.8,0.820239176252593
"301",4,52.6,10,0.858084177442108
"302",5,48.4,14.1,0.877139870192098
"303",6,44,3,0.927318967568129
"304",7,55.3,10.2,0.909482946378011
"305",1,55.9,9.9,0.808203296463958
"306",2,47.2,9.3,0.760311083262688
"307",3,49.6,7.7,0.792841801227043
"308",4,45.1,7.2,0.84382507765354
"309",5,42.7,3.2,0.906760465217581
"310",6,40.4,7.5,0.913111804343237
"311",7,37.3,6.8,0.905912726468548
"312",1,51.3,9.3,0.749322311612681
"313",2,45.9,5.1,0.733237055230347
"314",3,57.3,9,0.798995446336127
"315",4,49.6,12,0.813140620759212
"316",5,47.2,15.7,0.89422699964147
"317",6,49.9,17.8,0.926302016143894
"318",7,57.4,15.7,0.907179308473032
"319",1,59.2,6.7,0.738625054868466
"320",2,53.9,5.8,0.740107759992762
"321",3,42.9,6.2,0.799022252304476
"322",4,42.2,2.9,0.845413331278209
"323",5,41.9,3.1,0.889968201420046
"324",6,56.9,12.1,0.927270381750497
"325",7,47.7,7.2,0.901963872256158
"326",1,44.7,8.2,0.756449348447432
"327",2,47.4,11.9,0.745666647679106
"328",3,48.4,14.1,0.795750248792894
"329",4,48.9,10.3,0.788324995560261
"332",7,44.3,19,0.709160269534012
"333",1,44,12.6,0.656990829008079
"334",2,51.5,11.1,0.754820885870239
"335",3,38.3,7.9,0.815695564617462
"336",4,41,6.2,0.844555540291046
"337",5,55.2,16.9,0.893335701193871
"338",6,46.9,6.4,0.940378500273086
"339",7,41.5,5.1,0.966306573158514
"340",1,34.3,12.6,0.760974530979323
"341",2,32,3.5,0.78409635405323
"342",3,34,6.2,0.845870708113161
"343",4,36.9,10,0.868987505068003
"344",5,45.3,16.1,0.933926638766121
"345",6,28.2,20,1
"346",7,26,15.5,0.944419500001675
"347",1,31.4,6,0.813304807315349
"348",2,41.6,9.6,0.783940544362202
"349",3,42.9,4.8,0.851761319657822
"350",4,35.2,10.8,0.915943184750085
"351",5,23.8,12.6,0.949149078042226
"352",6,16,8.2,0.974938094966844
"353",7,23.8,8,0.818940762160695
"355",2,24.1,12.5,0.712770698395998
"356",3,23.3,10.7,0.762445508492466
"357",4,19.5,9.7,0.764127583006356
"358",5,24.9,8.9,0.641056356197707
"362",2,35.2,6.6,0.62902717790116
"363",3,26.3,17.5,0.748918546714426
"364",4,17.2,12.2,0.719798888222463
"365",5,27.1,1.6,0.772683713028706
"366",6,33,4.8,0.683891477564746
"367",7,31.3,7.6,0.698809738564539
"368",1,20.7,18.8,0.662981065415026
"369",2,27.6,12.4,0.679577332956661
"370",3,24.1,5.6,0.757764609378457
"371",4,27.3,8.7,0.798212055098519
"372",5,27.1,9.4,0.838513143250023
"373",6,26.5,5.2,0.904547635984901
"374",7,22.2,8.1,0.904746750351428
"375",1,16,6.1,0.758392585457504
"376",2,22.2,7.3,0.762434436914782
"377",3,27.4,7.5,0.840114567343202
"378",4,19.9,9,0.855182589575937
"379",5,26,4.8,0.864450767696502
"380",6,32.5,6.5,0.891016368222028
"381",7,34.5,9.6,0.836629215012883
"382",1,34.3,6.5,0.810453334059448
"384",3,34.3,5.7,0.762878615117035
"385",4,34.8,4.9,0.82808601740634
"386",5,32,6.6,0.873514725953962
"387",6,27.7,6.2,0.930240196595655
"388",7,32.2,12.1,0.923790252585934
"389",1,26.6,3.1,0.763954173062719
"390",2,48.3,17.4,0.722591141623071
"391",3,43,14.1,0.798697077273393
"392",4,33.7,8.6,0.843387190649453
"393",5,30.7,5.1,0.902165070915347
"394",6,19.7,22.2,1
"395",7,13,12.7,0.984807744017209
"396",1,21.3,7.4,0.798513279396598
"404",2,25.4,10.8,0.714590828485948
"405",3,27.4,9.5,0.771915344059414
"407",5,32.4,13.6,0.775526631971981
"408",6,27.4,6.5,0.872614456724109
"409",7,24.7,5.9,0.910839309600716
"410",1,29.4,12.2,0.831664970507248
"411",2,32.1,14.3,0.700036759575359
"412",3,32.8,6.6,0.775031398803952
"413",4,31.5,11.9,0.824595559579443
"414",5,34.7,11,0.852032498187549
"415",6,34.3,13.9,0.89430941351459
"416",7,34.9,8.7,0.86935034257882
"417",1,34.8,10.1,0.741576781563031
"418",2,33.5,8.9,0.725761654997771
"419",3,33.9,7.2,0.846144158801366
"420",4,41,16.4,0.820643905228369
"421",5,40,7.9,0.776299263787394
"423",7,33,7.5,0.825810667764916
"424",1,32.9,4.2,0.737126490379543
"432",2,41.1,7.9,0.722769834003288
"433",3,41.8,7.1,0.770441557380676
"434",4,35.4,3.3,0.808719167055252
"435",5,37,4.7,0.864923877046028
"436",6,42.4,8.2,0.909151092065718
"437",7,40.7,14.9,0.952147882410203
"438",1,46.7,23.5,0.691633112208604
"439",2,43,16.8,0.74022893046654
"440",3,39.7,15.5,0.77647795616761
"441",4,39.7,5.3,0.803586441162556
"442",5,46.7,9.2,0.875100833557408
"443",6,48.4,5.4,0.871698871004523
"444",7,49.4,5.7,0.864934088039183
"445",1,48.6,7.5,0.744937900143294
"446",2,44.9,2.8,0.729786488133124
"447",3,48.2,9,0.754633238144186
"448",4,44.5,14,0.772912617724242
"449",5,46.5,10,0.819318177950381
"450",6,42.4,15.2,0.895395182453429
"451",7,30.9,11.3,0.868989554154002
"452",1,31.6,6.3,0.745033202746076
"453",2,47.1,16.8,0.694461557312603
"454",3,50.7,16.2,0.778098100414907
"455",4,44.9,9,0.768140680256364
"456",5,47.1,10.3,0.869055925609511
"457",6,46.1,3.1,0.877056238746635
"458",7,48,5.6,0.843696924108495
"459",1,51,8.9,0.687952049176143
"460",2,55,7.5,0.716168426928431
"461",3,56.2,7.3,0.805739258886117
"462",4,59.1,9.8,0.86635341608776
"463",5,55.7,7,0.904916933570682
"464",6,55.3,12.8,0.966329250070626
"465",7,45.6,15.1,0.922580249897039
"466",1,51.8,14.6,0.765092698799528
"467",2,47.9,4.6,0.750737744255465
"468",3,43.6,5.2,0.837829006708622
"469",4,44.8,5.6,0.857614507779075
"470",5,48.4,10.9,0.914947532513504
"471",6,40.8,5.6,0.981385359478014
"472",7,40,7.9,0.917685780511298
"473",1,41.4,4.3,0.784689296496608
"474",2,45.6,6,0.768598473116157
"475",3,51,7.3,0.843553970204322
"476",4,52.4,5.5,0.882605913526503
"477",5,54.4,9.1,0.901029948842924
"478",6,50.2,7.7,0.939050581856427
"479",7,49.2,7.1,0.908060217630301
"480",1,49.9,9.7,0.823690184853013
"481",2,48.1,9.4,0.830233729633323
"482",3,46.9,7.9,0.864280584477248
"483",4,41.7,12.8,0.89530158168284
"484",5,48.9,14.9,0.907299498640236
"485",6,52.9,10,0.940696253586611
"486",7,60.1,4.2,0.926514885926188
"487",1,60.9,8.5,0.78566955183951
"488",2,60.6,13.6,0.797660661468137
"489",3,63.9,8.6,0.845420880119537
"490",4,61.9,11.6,0.898706947900109
"491",5,57.9,13.4,0.940041048192484
"492",6,57.8,10.8,0.928674510978519
"493",7,54.3,10.2,0.924617343031508
"494",1,49,14.8,0.796595314515607
"495",2,44.8,9.2,0.807104128304533
"496",3,42.8,5.8,0.871734609480567
"497",4,46.6,5.8,0.921332806899908
"498",5,46.7,6,0.912532632632292
"499",6,53.1,9.7,0.971104591202889
"500",7,60.6,10.2,0.936281700879167
"501",1,58.6,5.5,0.805468667567503
"502",2,56.5,6.8,0.820672836375642
"503",3,51.4,5.1,0.895339021991076
"504",4,52.4,9.6,0.890842781338389
"505",5,59.7,7.6,0.917353923233753
"506",6,61.7,7,0.954989942171742
"507",7,62,9.3,0.906943815711996
"508",1,64.7,7.2,0.757832682666158
"509",2,63.4,5.8,0.795863526672816
"510",3,65.4,7.6,0.857633227933193
"511",4,76.9,7.5,0.894084771665175
"512",5,61.6,8.4,0.905063291139241
"513",6,59.4,6,0.84999540505308
"514",7,60.1,10.1,0.697259369437136
"517",3,65.3,13,0.738052287092284
"518",4,63.3,7.1,0.806733128886559
"519",5,62.1,9.3,0.86237793608599
"520",6,66.7,6.2,0.879120561196184
"521",7,65.4,7.8,0.846077787345857
"522",1,70.2,11.5,0.762368065459273
"523",2,63,8.6,0.792464967784317
"524",3,59.7,6.3,0.859176789731825
"525",4,58.1,4.9,0.906651100574879
"526",5,55.2,8.7,0.898135132283416
"527",6,58.8,6,0.920589106231769
"528",7,59.8,7.6,0.865136606070095
"529",1,61.9,6.6,0.699262425927754
"530",2,60.5,5.7,0.770378589589552
"531",3,63.8,7,0.840928043131235
"532",4,62.7,7.1,0.878684892154894
"533",5,66.4,10.1,0.906404334906961
"534",6,67,5.3,0.919304222926403
"535",7,68.4,7.3,0.841310955374556
"536",1,68.7,11.1,0.733583275754678
"537",2,72.5,5.4,0.777883669558647
"538",3,70.8,5.4,0.853043386509917
"539",4,72.6,8.4,0.89231826984932
"540",5,72.9,9,0.929607115020031
"541",6,70.9,6.3,0.921322595906753
"542",7,69.9,7.9,0.876559303746413
"543",1,70.7,5,0.753486203246415
"544",2,76.1,14,0.811052378991222
"545",3,76.2,9.4,0.844903523133005
"546",4,68.7,8.3,0.842963434433511
"547",5,64,8.6,0.839345339192174
"548",6,64.1,7.3,0.759085231159867
"552",3,80.1,4.9,0.775300288290373
"553",4,78.3,4.2,0.838858615185108
"554",5,74.3,8.4,0.863764929322909
"555",6,75.7,7.6,0.865036197970735
"556",7,75.7,7.6,0.788247827611206
"557",1,71.9,5.4,0.748753407918966
"558",2,75.8,6.9,0.781610682060306
"559",3,76.4,8.4,0.889848911337946
"560",4,73.6,7.9,0.933473677761478
"561",5,70.3,8.6,0.946092763469151
"562",6,72.5,8.4,0.972658363994677
"563",7,78.2,10.2,0.888366615498245
"564",1,77.9,10.8,0.733549239110827
"565",2,72.4,4.6,0.739158478017434
"566",3,74.2,6.5,0.792034404239604
"567",4,74.3,5.6,0.831712621808639
"568",5,75.5,11.5,0.842948117943778
"569",6,70.5,6.1,0.862680862216262
"570",7,74.5,4.9,0.810848159128117
"571",1,77.2,8.4,0.724652060408235
"572",2,73,9.4,0.814433919557796
"573",3,72.1,7.6,0.826365465059683
"574",4,75.8,10.9,0.843850089005824
"575",5,75.7,14.7,0.894387697795447
"576",6,69.7,6.6,0.882810133389607
"577",7,66.5,5.3,0.79958713551009
"578",1,64.9,5,0.669029377027308
"583",6,78.1,6.8,0.754383068811883
"584",7,67.4,6.8,0.734475035823568
"586",2,74.7,9,0.679138260250986
"587",3,75.8,7.1,0.748392619494147
"588",4,72,7.1,0.784003458123015
"589",5,68.1,5.1,0.796983332255506
"590",6,67.2,7.5,0.790914598656914
"591",7,64.4,5,0.71864118910419
"592",1,65,5,0.664783305706924
"593",2,71.1,8.8,0.681837366108352
"594",3,76,10.5,0.748317738877676
"595",4,72.6,4.1,0.762335730647615
"596",5,71.4,3.6,0.802982290734204
"597",6,71.8,6.5,0.781494957471214
"598",7,66.1,4.6,0.703950973618197
"600",2,64,16.9,0.658302728717738
"601",3,60,17.5,0.69984955803418
"602",4,65.8,10.6,0.765996371693766
"603",5,69.2,8.2,0.763436816076188
"604",6,66.5,6.5,0.765177790409154
"605",7,64.6,4.9,0.707541839544454
"608",3,76.8,5.2,0.723416530236453
"609",4,78.5,4.5,0.766556274485111
"610",5,76.2,9.2,0.783200193328137
"611",6,73.9,8.3,0.752284709718483
"612",7,73.8,16.8,0.674134873604923
"615",3,68.1,9.8,0.723813057137314
"616",4,71.2,13.3,0.782703258327916
"617",5,64.9,8.6,0.794282524565948
"618",6,61.9,6.5,0.758370461639001
"619",7,60.1,7,0.829210928485608
"620",1,56.7,5.8,0.760337779653575
"621",2,58.7,4,0.754338821174877
"622",3,61.9,5.4,0.814650052246248
"623",4,59.4,7.2,0.851089683152882
"624",5,56.1,5.7,0.81703091548361
"625",6,64.3,11.4,0.872034131946454
"626",7,57.7,4.9,0.829578524239196
"635",2,65.8,3.2,0.733894711045912
"636",3,71.4,5.8,0.787034421257926
"637",4,70.6,4,0.81584473844541
"638",5,71.8,5.8,0.845237082242743
"642",2,53.8,8.8,0.744514143927352
"643",3,56.3,7.8,0.778281898291701
"644",4,58.7,4.1,0.813731062862277
"645",5,60,6.8,0.851050541012454
"646",6,63.2,5.6,0.858322469971171
"647",7,65.3,5.2,0.880175697155558
"648",1,58,3.5,0.765987862532803
"649",2,65.4,2.5,0.694255635617306
"650",3,62.8,3.1,0.781098430570352
"651",4,56,4.3,0.809597312466601
"652",5,55.8,3.1,0.82235424658187
"653",6,53.2,7.8,0.883477251609082
"654",7,54,10.5,0.898175976256037
"655",1,56.9,4.5,0.781067797590886
"656",2,55.4,5.6,0.744565198893128
"657",3,53,1.7,0.78941698632748
"658",4,54,2.9,0.841212249107389
"659",5,53.8,6.4,0.876013015612609
"660",6,49.3,6.7,0.896686873087566
"661",7,52.8,5.2,0.885524555736706
"662",1,60.4,2.8,0.764236677206681
"663",2,61.9,3.2,0.733072726096916
"664",3,67.1,5.4,0.790410856327923
"665",4,69.4,5.3,0.818862086922781
"666",5,68,5.7,0.854546104335928
"667",6,54.8,7.5,0.902614354614178
"668",7,49.1,6.7,0.917127579552146
"669",1,51.6,7.3,0.810417595583405
"670",2,42.6,5.5,0.799791355373195
"671",3,42.2,3.7,0.795776733230997
"672",4,46.4,2.5,0.833885861518511
"673",5,48.4,6.2,0.856828261306122
"674",6,48.1,4.3,0.882202579296871
"675",7,45.7,4.8,0.907879823417892
"676",1,43.3,4.8,0.788562666566826
"677",2,42.5,9.3,0.765250969193434
"678",3,46.1,7.6,0.788109979203611
"679",4,50.7,6.4,0.826300795436367
"680",5,47.7,6.4,0.831348429719436
"681",6,52.1,4.8,0.879491560614157
"682",7,54.7,3.7,0.892045976698514
"683",1,53.2,2.3,0.782270992951011
"684",2,52.9,4.6,0.744396717506067
"685",3,53.7,3.9,0.768474239366102
"686",4,58,8.7,0.801728040408304
"687",5,50.8,7.1,0.857662159080466
"688",6,44.6,5.7,0.907699429205483
"689",7,46.6,6,0.904838649289825
"690",1,44.2,5.7,0.775516420978826
"691",2,53.4,4.6,0.72563401758333
"692",3,57.2,5.9,0.781198838669712
"693",4,47.4,9,0.782938111170486
"696",7,38.6,8,0.714560195506482
"697",1,40,5,0.662080796185173
"698",2,41.4,2.5,0.713207238913414
"699",3,49.2,4.6,0.761585222650706
"700",4,56.3,10.3,0.830085670232572
"701",5,38.6,7.4,0.863460301360445
"702",6,36.6,4.8,0.910818887614406
"703",7,35.1,7.1,0.926598275703623
"704",1,32.8,8.2,0.811117048614538
"705",2,32.4,9.2,0.7981252616567
"706",3,32.7,8.9,0.84557744868125
"707",4,31.2,8.9,0.866855456584559
"708",5,27.3,7.4,0.902137841600267
"709",6,27.3,4.2,0.920548262259148
"710",7,39.2,3,0.904956075711111
"711",1,47.2,7.9,0.787897250179543
"712",2,42.4,5.7,0.798860453163876
"713",3,21.5,10.3,0.865744160162831
"714",4,22.8,9.1,0.889525563221364
"715",5,26.3,5.9,0.903802233484569
"716",6,28.4,5.7,0.935492050741829
"717",7,31.7,3.8,0.912306288950684
"718",1,32.7,3.6,0.809236524041783
"719",2,30.4,6.8,0.789968379957863
"720",3,32,9,0.830174165506584
"721",4,31.9,7.5,0.825597938740848
"722",5,32.5,10.8,0.782623272214866
"730",6,39.9,5,0.733025074795525
"734",3,33.9,5.6,0.686481271588946
"735",4,35.6,5.6,0.740551462651123
"736",5,30.1,2.3,0.803496734671848
"737",6,31.4,4.1,0.821371707685665
"738",7,26.9,3,0.843776986183074
"739",1,28,9.1,0.760870371869603
"740",2,28.4,8.2,0.758895320595855
"741",3,27.2,4.8,0.795773626403282
"743",5,25.6,9.7,0.824031533354922
"744",6,22,5.5,0.86502185880829
"745",7,28.4,4.5,0.818867052569085
"746",1,33.4,6.4,0.753418812068221
"748",3,31.3,9,0.745859307534542
"749",4,37.5,4.2,0.804921942465458
"750",5,32.6,6.4,0.846630775043178
"751",6,28.8,6.9,0.8510581957038
"752",7,18.7,5.7,0.913102803864421
"753",1,19.4,7.3,0.791848823402418
"754",2,12.6,6,0.747289575237478
"755",3,28.6,3.9,0.761315643890328
"756",4,32.1,6.6,0.692566655872193
"758",6,31.6,3.1,0.760666288860104
"759",7,31.8,3.9,0.856839985427461
"760",1,32.5,4.5,0.747524017702936
"761",2,27.3,5,0.716435934801382
"762",3,26.8,7.2,0.759927542098446
"763",4,30.8,6.3,0.750436838838515
"764",5,30.5,9.2,0.839199454879102
"765",6,28.3,5.4,0.882965983916235
"766",7,33.4,4,0.916725698942142
"767",1,40,7.6,0.760700021588946
"768",2,39.4,3.8,0.746466496653713
"769",3,36.3,9,0.835257785513817
"770",4,21.5,8.9,0.881663900582902
"771",5,26.3,6.5,0.913033651770294
"772",6,26.5,5.8,0.958335019969775
"773",7,34.2,6.7,1
"774",1,35.4,6.5,0.833281047603627
"775",2,48,10.2,0.842358524935233
"776",3,32.9,12.1,0.901399233592401
"777",4,34.7,4,0.873841280764249
"778",5,51.1,4.3,0.877180820919689
"779",6,57,4.2,0.905496073510363
"780",7,44.3,13.2,0.967759944408463
"781",1,28,9.8,0.812823834196891
"782",2,32.1,6,0.702907423898964
"783",3,25.1,7.2,0.817657734240069
"784",4,29.3,3.7,0.854124500755613
"785",5,36.5,3.3,0.888498151446459
"786",6,44.6,3.8,0.954491175518135
"787",7,35.5,4.4,0.932558155224525
"788",1,42.4,6.2,0.779173750539724
"789",2,47.3,6.4,0.76669601414076
"790",3,39.6,7.2,0.841606285082038
"791",4,42,8.4,0.896793029468912
"792",5,26.6,5.8,0.93719303216753
"793",6,32.9,6.4,0.971607162132988
"794",7,48,7.6,0.948483376511226
"795",1,51.8,6.3,0.846877023963731
"796",2,44.1,9.6,0.808256422711572
"797",3,37.5,5.1,0.862220355677893
"798",4,38,7.3,0.907236682318653
"799",5,43.1,9.6,0.913150029684801
"800",6,50.9,8,0.940095733484456
"801",7,45.5,7.3,0.953000188903282
"802",1,48.7,8.3,0.782862424438687
"803",2,41.7,4.8,0.775574468372193
"804",3,39.7,4.3,0.855418150906736
"805",4,43,3.9,0.87724491310449
"806",5,53.2,3.3,0.867212799546632
"807",6,61.3,7.9,0.96846664507772
"808",7,51.5,7.4,0.959686015759931
"809",1,40.7,5.3,0.818570204555268
"810",2,40.8,5.4,0.76910621761658
"811",3,45.1,6.3,0.815952544797064
"812",4,36.5,5.5,0.880898167638169
"813",5,35.1,6.1,0.892603424546632
"814",6,35.1,6.4,0.940638830418826
"815",7,32,7.3,0.942654360967185
"816",1,34,7,0.78620365123057
"817",2,34.9,8.2,0.747481851791883
"818",3,38.9,7.8,0.827855138169257
"819",4,43,4.2,0.851500094451641
"820",5,41,7.9,0.911642176705527
"824",2,51.6,5.3,0.773722541558722
"825",3,53.8,7.8,0.886258298251295
"826",4,44.7,7.1,0.869909731217617
"827",5,44.5,5.3,0.913269780872193
"828",6,45.8,4.1,0.952625755613126
"829",7,47.2,4.7,0.924927811960276
"830",1,50.1,3.2,0.800971839917962
"831",2,60.6,5.6,0.788903956174439
"832",3,61.2,8.2,0.884396251619171
"833",4,46.3,11.2,0.897007232297064
"834",5,55.9,4.9,0.8986736291019
"835",6,51.5,7.7,0.964727372085492
"836",7,44.5,9.8,0.972044000971503
"837",1,54.9,9.3,0.774009269753886
"838",2,53.8,6.2,0.770170485211572
"839",3,50.5,4.6,0.836995021049223
"840",4,50.8,6.1,0.872770266623489
"841",5,55.5,8.4,0.90110744548791
"842",6,45.2,6.2,0.914553311204663
"843",7,49.6,6.2,0.866474052784974
"844",1,65.1,3.4,0.743582348337651
"845",2,63.4,3,0.766281101575993
"846",3,65.8,5.3,0.849039291882556
"847",4,67.4,5.7,0.865468817465458
"848",5,64.3,6.3,0.912318517918826
"849",6,64.4,5.6,0.948625053972366
"850",7,57.4,5.2,0.913843237262522
"851",1,58.3,3.9,0.799295323294473
"852",2,54.9,4.8,0.808296901986183
"853",3,61.5,5.4,0.848841955418826
"854",4,56,4.6,0.909963973445596
"855",5,54.4,8.4,0.913111237046632
"856",6,59.9,4.6,0.946425680051813
"857",7,62,5.2,0.892227304620035
"858",1,61.9,4.5,0.756534029576857
"859",2,62.4,5.9,0.776959196891192
"860",3,62.5,5.3,0.85901237316494
"861",4,59.4,5.1,0.878555429620035
"862",5,61.2,3.9,0.910399125647668
"863",6,58,2.9,0.949065266083765
"864",7,59.8,4.1,0.94072147560449
"865",1,61.1,3.8,0.812053041342833
"866",2,58.8,6.2,0.833087084412781
"867",3,54.9,10.7,0.898658449373921
"868",4,58.7,8,0.875672967940414
"869",5,64.1,3.9,0.910517190198618
"870",6,61,1.6,0.935199427892919
"871",7,63.7,2.4,0.910195042638169
"872",1,57,4,0.817347393134715
"873",2,59,5.1,0.800315738341969
"874",3,71.8,4.5,0.860392041774611
"875",4,74,3,0.874406303972366
"876",5,69.9,4.7,0.87711841537133
"877",6,73.4,3.5,0.85685516515544
"878",7,74.3,4.6,0.747658948618307
"881",3,79.2,4.2,0.780298737046632
"882",4,77.6,3.6,0.868551988881693
"883",5,75.6,8.3,0.886472501079447
"884",6,66.1,6.3,0.907206322862694
"885",7,66.2,3.4,0.879223337651123
"886",1,62.9,4.7,0.754444287025043
"887",2,69.5,2.5,0.804581241904145
"888",3,76.4,5,0.879886185772884
"889",4,82.8,3.5,0.916128629641623
"890",5,85.7,3.4,0.92028450183506
"891",6,76,3.5,0.914701735211572
"892",7,66.7,7.5,0.905222838406736
"893",1,63.5,6.2,0.732037321891192
"894",2,65.6,4.3,0.786028241040587
"895",3,64,4,0.84118293933506
"896",4,67.9,4.8,0.866814753346287
"897",5,72.5,3,0.905096340673575
"898",6,68.8,3.5,0.892333562715889
"899",7,71.2,1.4,0.872820865716753
"900",1,75.7,3.6,0.747178257232297
"901",2,72.2,2.3,0.770808033786701
"902",3,74.8,3.7,0.83686683667962
"903",4,74.9,3.3,0.875743806670985
"904",5,70.3,4.3,0.883195366472366
"905",6,67.2,4.2,0.908240231001727
"906",7,70.1,3.6,0.864827895617444
"907",1,72.9,4.2,0.741931131260794
"908",2,73.4,2,0.770516245682211
"909",3,76.5,2.2,0.826694732297064
"910",4,75.6,2.8,0.850521845315199
"911",5,73.7,4.8,0.855060583981002
"912",6,73.8,3.2,0.803739610319516
"916",3,78.9,3.4,0.716383649071675
"917",4,80.2,3.4,0.793692317033679
"918",5,80.4,3.8,0.853073726252159
"919",6,77.3,2.3,0.876350995790155
"920",7,75.5,4,0.808062459520725
"921",1,77.5,2.3,0.730919081930052
"922",2,80.7,3.3,0.761302150798791
"923",3,84.7,6.7,0.847474093264249
"924",4,81.2,5,0.856446999136442
"925",5,72.7,6.2,0.873696230030225
"926",6,74.7,4.2,0.892692816278066
"927",7,78.3,3.5,0.842235400474957
"928",1,80.7,4.7,0.75793056455095
"929",2,83.3,5.7,0.791793164399827
"930",3,81.9,3.6,0.834670836031952
"931",4,81.2,2.9,0.858182548035406
"932",5,83.5,3.9,0.926869130505181
"933",6,92.6,5.2,0.934563565954231
"934",7,90.3,3,0.870301030872193
"935",1,86.1,3.4,0.761443828259931
"936",2,76,3.7,0.759419864529361
"937",3,77,3.7,0.815481973229706
"938",4,75.8,4.2,0.839941574913644
"939",5,78.4,2.2,0.87436245142487
"940",6,77.6,2.7,0.886047468696028
"941",7,80.5,4.9,0.822947026122625
"942",1,80.8,2.4,0.74966098607513
"943",2,80.3,3.1,0.764272317573402
"944",3,80.9,3,0.826176934909326
"945",4,77.7,3.5,0.867001969991364
"946",5,73.2,4.5,0.845740231001727
"947",6,76.3,3.1,0.866622476791883
"948",7,76,5.3,0.81357101414076
"949",1,78.4,4.1,0.706614650798791
"950",2,80.3,3.7,0.727189928756477
"951",3,75.9,3.1,0.786451586787565
"952",4,76.3,4.2,0.821638196243523
"953",5,76.1,4,0.844411161485319
"954",6,74,2.8,0.851489974632988
"955",7,76.2,1.7,0.791754371761658
"957",2,71,4.1,0.722047374244387
"958",3,69.8,4.7,0.795028133095855
"959",4,75.5,0.6,0.824254169365285
"960",5,75,4.3,0.850537025043178
"961",6,75.2,3.9,0.836809491040587
"962",7,71.7,1.2,0.758993145509499
"964",2,71.6,5.6,0.681293177892919
"965",3,70.2,3.2,0.748544432750432
"966",4,72.4,5.9,0.788478923791019
"967",5,73.9,5.7,0.823613247517271
"968",6,75.2,2.3,0.82272270347582
"972",3,70.5,2.3,0.699065266083765
"973",4,73.3,2.1,0.779936110211572
"974",5,73.5,2.7,0.809851980785838
"975",6,69.9,3,0.818388047819516
"976",7,72.6,3.8,0.77048419958981
"977",1,77.3,4.4,0.701591847474093
"979",3,64.6,5.5,0.785373826101036
"980",4,63.8,9.9,0.841877833549223
"981",5,68.9,5.3,0.881419338298791
"982",6,73.7,5,0.848163927569085
"983",7,74.1,2.9,0.889101967292746
"984",1,67.7,4.3,0.770501065954231
"985",2,71.2,0.9,0.781727318113126
"986",3,74.8,3.6,0.857462354274611
"987",4,76.1,4.6,0.888827045552677
"988",5,70.7,3.7,0.886278537888601
"989",6,57.1,4.9,0.910139383635579
"990",7,58.4,4.9,0.930139518566494
"991",1,59.2,5.7,0.803194826748705
"992",2,59.5,4.3,0.753703853626943
"993",3,63.1,4.2,0.764685543501727
"994",4,67.6,1.5,0.78208488503886
"995",5,70.9,1.9,0.845252793069948
"996",6,71.1,2.1,0.859030926165803
"997",7,72.1,2.7,0.914082739637306
"998",1,73.5,0.8,0.792555524071675
"999",2,73.3,1.1,0.772853923791019
"1000",3,72.3,2.1,0.830828678216753
"1001",4,70.7,5.7,0.841901446459413
"1002",5,69.6,3.8,0.834090633095855
"1003",6,66.7,3.9,0.901876551705527
"1004",7,59.8,2.9,0.906949954123489
"1005",1,54.7,5.4,0.770202531303972
"1006",2,52.7,2.3,0.780605704879102
"1007",3,54.9,3.4,0.822744629749568
"1008",4,62.3,6.2,0.860451074050086
"1009",5,57,3.6,0.895352641947323
"1010",6,56.9,2,0.90960471988342
"1011",7,63,2,0.898348108268566
"1012",1,70,2.4,0.797357378022453
"1013",2,71.4,1.5,0.705853977763385
"1014",3,68.4,4.4,0.811999068976684
"1015",4,61.3,8,0.870867740716753
"1016",5,60.9,7.4,0.903669446243523
"1017",6,66.1,4.4,0.922836382772021
"1018",7,59.1,7,0.943293596178757
"1019",1,59.9,6.3,0.81993469343696
"1020",2,61.4,6.8,0.77639080041019
"1021",3,60.4,3.7,0.834793960492228
"1022",4,60.8,8.5,0.837784366904145
"1023",5,62.5,7.3,0.877806563039724
"1024",6,53.8,6.1,0.931473647992228
"1025",7,52.7,4.1,0.930756827504318
"1026",1,53.3,1.7,0.811268755397237
"1027",2,55.1,2.8,0.789328988557858
"1028",3,56.6,6.3,0.836333859563903
"1029",4,55.7,2,0.863652310017271
"1030",5,53.4,4.9,0.882240730246114
"1031",6,41.7,4.9,0.921647304080311
"1032",7,39.7,6.5,0.991602237154577
"1033",1,37.7,6.3,0.821823726252159
"1034",2,44.6,2,0.766297967940414
"1035",3,49.3,4.9,0.872183317141623
"1036",4,48.4,1.9,0.848233079663212
"1037",5,51.9,4.6,0.893811056239206
"1038",6,51.2,6.3,0.938420903497409
"1039",7,42.8,5.9,0.952178796955959
"1040",1,45.5,3,0.746108929727979
"1041",2,51.7,4,0.775539049006909
"1042",3,59.1,2.5,0.834033287456822
"1043",4,57.1,2.4,0.866860292530225
"1044",5,58.9,2.8,0.891112437931779
"1045",6,46.4,7.4,0.899506827504318
"1046",7,46.2,6.3,0.897503103411054
"1047",1,53.9,5.1,0.779639262197755
"1048",2,59.7,5.6,0.776493685233161
"1049",3,63.6,5.3,0.829496235427461
"1050",4,57,3,0.840358174114853
"1051",5,48.2,5.1,0.894954595746978
"1052",6,40.7,6.1,0.922224133743523
"1053",7,43.9,5.6,0.936084912025043
"1054",1,54.6,7.4,0.782855677892919
"1055",2,54,4.9,0.770806347150259
"1056",3,47.5,4.9,0.789949670768566
"1057",4,47.6,6.7,0.797392797387737
"1060",7,56.5,3.5,0.733116769214162
"1061",1,55.5,2.9,0.691515881368739
"1062",2,62,5.6,0.727540749136442
"1063",3,60.5,5.6,0.801666734132124
"1064",4,50.3,7.4,0.836266394106218
"1065",5,43.5,7.7,0.883326924114853
"1066",6,45.8,4.2,0.932860063147668
"1067",7,42.2,4.3,0.945231541450777
"1068",1,47.5,3.7,0.804463177353195
"1069",2,52.6,2.5,0.787996545768566
"1070",3,58.2,4.6,0.819025596394646
"1071",4,55.6,3.7,0.852024638385147
"1072",5,41.6,8.1,0.889437607944732
"1073",6,42.3,4.7,0.933936137197755
"1074",7,42.6,5.7,0.959426273747841
"1075",1,33.8,3.3,0.824225496545769
"1076",2,37.7,3.6,0.804608228087219
"1077",3,39,4,0.862161323402418
"1078",4,43,2.8,0.859385119818653
"1079",5,51.3,6.9,0.911768674438687
"1080",6,50.6,7.3,0.962514505073402
"1081",7,38.8,5.5,0.954056023316062
"1082",1,28.3,4.6,0.857858713838515
"1083",2,36,5.4,0.800565360535406
"1084",3,45.4,5.4,0.838939712867012
"1085",4,48.7,3.7,0.850027660837651
"1086",5,55,6.1,0.836296753562176
"1087",6,47.4,4.9,0.799774328044041
"1092",4,45.7,9.8,0.70059673197323
"1093",5,30,7.5,0.77107452234456
"1094",6,42.8,2.6,0.784626646157167
"1095",7,50.6,4.6,0.804102237154577
